Active metal,Shape,Electrode support,Particle size (nm),Potential (V vs. RHE),Cation of Electrolyte ,[C] of Cation (M),Anion of Electrolyte ,[C] of anion (M),Membrane,H2,CO,C1,C2+,,DOI
Cu2(OH)2CO3,nanocrystal,glassy carbon,11.81,-0.846,K+,0.1,HCO3每,0.1,proton exchange membrane,24.4,19.6,26.27,29.74,,10.1038/s41467-022-32601-9
Cu2(OH)2CO3,nanocrystal,glassy carbon,11.81,-0.926,K+,0.1,HCO3每,0.1,proton exchange membrane,16.8,9.2,16.72,57.28,,
Cu2(OH)2CO3,nanocrystal,glassy carbon,11.81,-0.98,K+,0.1,HCO3每,0.1,proton exchange membrane,15.2,6.8,15.73,62.27,,
Cu2(OH)2CO3,nanocrystal,glassy carbon,11.81,-1.05,K+,0.1,HCO3每,0.1,proton exchange membrane,13.6,4,9.57,72.83,,
Cu2(OH)2CO3,nanocrystal,glassy carbon,11.81,-1.106,K+,0.1,HCO3每,0.1,proton exchange membrane,10,2.4,17.23,70.37,,
Cu2(OH)2CO3,nanocrystal,glassy carbon,11.81,-1.172,K+,0.1,HCO3每,0.1,proton exchange membrane,12,2,19.49,66.51,,
Cu(OH)2,nanocrystal,glassy carbon,11.72,-0.821,K+,0.1,HCO3每,0.1,proton exchange membrane,18.8,28.4,27.65,25.15,,
Cu(OH)2,nanocrystal,glassy carbon,11.72,-0.918,K+,0.1,HCO3每,0.1,proton exchange membrane,15.6,20.8,20.26,43.34,,
Cu(OH)2,nanocrystal,glassy carbon,11.72,-0.968,K+,0.1,HCO3每,0.1,proton exchange membrane,16.4,16.8,16.84,49.96,,
Cu(OH)2,nanocrystal,glassy carbon,11.72,-1.084,K+,0.1,HCO3每,0.1,proton exchange membrane,10.8,6,11.32,71.88,,
Cu(OH)2,nanocrystal,glassy carbon,11.72,-1.224,K+,0.1,HCO3每,0.1,proton exchange membrane,20.4,4,7.73,67.87,,
CuxO,nanocrystal,glassy carbon,11.69,-0.851,K+,0.1,HCO3每,0.1,proton exchange membrane,45.8,9.2,20.67,24.33,,
CuxO,nanocrystal,glassy carbon,11.69,-0.957,K+,0.1,HCO3每,0.1,proton exchange membrane,36.14,4.02,12.45,47.39,,
CuxO,nanocrystal,glassy carbon,11.69,-1.051,K+,0.1,HCO3每,0.1,proton exchange membrane,23.29,2.41,6.14,68.16,,
CuxO,nanocrystal,glassy carbon,11.69,-1.162,K+,0.1,HCO3每,0.1,proton exchange membrane,0.26,27.04,4.05,68.65,,
CuxO,nanocrystal,glassy carbon,11.69,-1.245,K+,0.1,HCO3每,0.1,proton exchange membrane,34.54,1.6,3.92,59.94,,
Cu,nanowire,glassy carbon,29,-0.808,K+,0.1,HCO3每,0.1,proton exchange membrane,37.75,9.24,51.41,1.6,,
Cu,nanowire,glassy carbon,29,-0.958,K+,0.1,HCO3每,0.1,proton exchange membrane,25.3,7.6,32.13,34.97,,
Cu,nanowire,glassy carbon,29,-1.029,K+,0.1,HCO3每,0.1,proton exchange membrane,23.86,4.65,26.1,45.39,,
Cu,nanowire,glassy carbon,29,-1.06,K+,0.1,HCO3每,0.1,proton exchange membrane,22.09,3.61,26.51,47.79,,
Cu,nanowire,glassy carbon,29,-1.101,K+,0.1,HCO3每,0.1,proton exchange membrane,39.36,4.42,38.15,18.07,,
Cu,nanoparticle,Cu,50,-1,K+,0.1,HCO3每,0.1,anion exchange membrane,20.09,15.07,46.08,18.77,,10.1038/s41467-022-30819-1
Cu,nanoparticle,glassy carbon,2.3,-1.1,K+,0.1,HCO3每,0.1,glass frit,61.1,26.48,12.22,1.11,,10.1021/ja500328k
Cu,nanoparticle,glassy carbon,4.8,-1.1,K+,0.1,HCO3每,0.1,glass frit,68.15,12.04,15.74,4.44,,
Cu,nanoparticle,glassy carbon,6.7,-1.1,K+,0.1,HCO3每,0.1,glass frit,69.81,20.74,9.82,0.19,,
Cu,nanoparticle,glassy carbon,13.1,-1.1,K+,0.1,HCO3每,0.1,glass frit,64.26,20.56,6.85,8.33,,
Cu,nanoparticle,glassy carbon,15.1,-1.1,K+,0.1,HCO3每,0.1,glass frit,59.81,25.55,12.96,2.22,,
Cu,nanoparticle,carbon paper,7,-0.8,K+,0.1,HCO3每,0.1,anion exchange membrane,34.68,10.95,10.07,44.3,,10.1038/s41586-022-05540-0
Cu,nanoparticle,carbon paper,10,-0.8,K+,0.1,HCO3每,0.1,anion exchange membrane,46.97,13.73,12.1,27.2,,
Cu,nanoparticle,carbon paper,18,-0.8,K+,0.1,HCO3每,0.1,anion exchange membrane,47.35,21.82,23.93,6.9,,
Cu,nanoparticle,Vulcan XC-72R,12,-1.6,K+,0.1,HCO3每,0.1,proton exchange membrane,11.22,2.68,29.27,46.59,,10.1021/cs500537y
Cu,nanoparticle,Vulcan XC-72R,12,-1.4,K+,0.1,HCO3每,0.1,proton exchange membrane,15.37,4.39,15.12,43.41,,
Cu,nanoparticle,Vulcan XC-72R,12,-1.2,K+,0.1,HCO3每,0.1,proton exchange membrane,20.98,10.24,15.85,34.63,,
Cu,nanoparticle,Vulcan XC-72R,12,-1,K+,0.1,HCO3每,0.1,proton exchange membrane,29.51,20.24,1.22,10.98,,
Cu,nanoparticle,Vulcan XC-72R,12,-0.8,K+,0.1,HCO3每,0.1,proton exchange membrane,51.95,16.1,0,0,,
Cu,nanoparticle,Vulcan XC-72R,12,-0.6,K+,0.1,HCO3每,0.1,proton exchange membrane,72.68,15.12,0.98,0,,
Cu,nanoparticle,single-wall carbon nanotubes,19,-1.6,K+,0.1,HCO3每,0.1,proton exchange membrane,15.85,2.68,32.68,43.17,,
Cu,nanoparticle,single-wall carbon nanotubes,19,-1.4,K+,0.1,HCO3每,0.1,proton exchange membrane,21.22,3.9,29.76,35.61,,
Cu,nanoparticle,single-wall carbon nanotubes,19,-1.2,K+,0.1,HCO3每,0.1,proton exchange membrane,22.44,7.8,16.59,35.85,,
Cu,nanoparticle,single-wall carbon nanotubes,19,-1,K+,0.1,HCO3每,0.1,proton exchange membrane,39.51,18.05,1.22,15.61,,
Cu,nanoparticle,single-wall carbon nanotubes,19,-0.8,K+,0.1,HCO3每,0.1,proton exchange membrane,43.66,15.61,0,0,,
Cu,nanoparticle,single-wall carbon nanotubes,19,-0.6,K+,0.1,HCO3每,0.1,proton exchange membrane,83.66,9.27,0,0,,
Cu,nanoparticle,Ketjen Black,24,-1.6,K+,0.1,HCO3每,0.1,proton exchange membrane,14.39,2.2,42.93,33.9,,
Cu,nanoparticle,Ketjen Black,24,-1.4,K+,0.1,HCO3每,0.1,proton exchange membrane,16.59,3.41,28.54,34.15,,
Cu,nanoparticle,Ketjen Black,24,-1.2,K+,0.1,HCO3每,0.1,proton exchange membrane,27.56,3.9,13.41,15.12,,
Cu,nanoparticle,Ketjen Black,24,-1,K+,0.1,HCO3每,0.1,proton exchange membrane,42.1,14.88,4.63,8.29,,
Cu,nanoparticle,Ketjen Black,24,-0.8,K+,0.1,HCO3每,0.1,proton exchange membrane,50.24,5.37,1.22,0.24,,
Cu,nanoparticle,Ketjen Black,24,-0.6,K+,0.1,HCO3每,0.1,proton exchange membrane,86.83,8.05,0,0,,
Cu,nanoparticle,Vulcan XC-72R,27,-1.6,K+,0.1,HCO3每,0.1,proton exchange membrane,18.05,0.98,34.39,37.07,,
Cu,nanoparticle,Vulcan XC-72R,27,-1.4,K+,0.1,HCO3每,0.1,proton exchange membrane,19.51,2.93,34.15,32.44,,
Cu,nanoparticle,Vulcan XC-72R,27,-1.2,K+,0.1,HCO3每,0.1,proton exchange membrane,25.85,6.83,22.93,25.12,,
Cu,nanoparticle,Vulcan XC-72R,27,-1,K+,0.1,HCO3每,0.1,proton exchange membrane,49.02,10.73,1.46,3.9,,
Cu,nanoparticle,Vulcan XC-72R,27,-0.8,K+,0.1,HCO3每,0.1,proton exchange membrane,60.24,3.9,0,0,,
Cu,nanoparticle,Vulcan XC-72R,27,-0.6,K+,0.1,HCO3每,0.1,proton exchange membrane,83.66,0,0,0,,
Cu,nanoparticle,carbon paper,25,-0.49,K+,0.95,ClO4每,0.95,proton exchange membrane,85.26,6.11,5.57,0.02,,10.1038/s41929-023-01010-6
Cu,nanoparticle,carbon paper,25,-0.58,K+,0.95,ClO4每,0.95,proton exchange membrane,79.06,12.82,5.99,0.06,,
Cu,nanoparticle,carbon paper,25,-0.67,K+,0.95,ClO4每,0.95,proton exchange membrane,67.6,23.04,7.92,0.18,,
Cu,nanoparticle,carbon paper,25,-0.75,K+,0.95,ClO4每,0.95,proton exchange membrane,60.33,27.55,10.12,1.54,,
Cu,nanoparticle,carbon paper,25,-0.82,K+,0.95,ClO4每,0.95,proton exchange membrane,34.95,35.39,18.24,9.51,,
Cu,nanoparticle,carbon paper,25,-0.88,K+,0.95,ClO4每,0.95,proton exchange membrane,32.18,28.87,23.84,15.3,,
Cu,nanoparticle,carbon paper,25,-0.49,K+,5.38,ClO4每,5.38,proton exchange membrane,76.24,11.03,11.82,0.37,,
Cu,nanoparticle,carbon paper,25,-0.58,K+,5.38,ClO4每,5.38,proton exchange membrane,71.43,11.49,8.49,6.39,,
Cu,nanoparticle,carbon paper,25,-0.67,K+,5.38,ClO4每,5.38,proton exchange membrane,52.34,18.42,14.28,5.68,,
Cu,nanoparticle,carbon paper,25,-0.75,K+,5.38,ClO4每,5.38,proton exchange membrane,16.02,35.91,10.88,33.54,,
Cu,nanoparticle,carbon paper,25,-0.82,K+,5.38,ClO4每,5.38,proton exchange membrane,8.61,16.48,7.18,65.94,,
Cu,nanoparticle,carbon paper,25,-0.88,K+,5.38,ClO4每,5.38,proton exchange membrane,12.83,11.22,5.31,64.69,,
Cu,nanoparticle,carbon paper,25,-0.75,K+,0.95,ClO4每,0.95,proton exchange membrane,60.33,27.55,10.12,1.54,,
Cu,nanoparticle,carbon paper,25,-0.75,K+,2.55,ClO4每,2.55,proton exchange membrane,40.27,34.04,8.8,7.52,,
Cu,nanoparticle,carbon paper,25,-0.75,K+,3.89,ClO4每,3.89,proton exchange membrane,22.53,33.09,10.29,28.47,,
Cu,nanoparticle,carbon paper,25,-0.75,K+,5.38,ClO4每,5.38,proton exchange membrane,16.02,35.91,11.64,33.54,,
Cu,nanoparticle,carbon paper,25,-0.75,K+,6.33,ClO4每,6.33,proton exchange membrane,24.96,23.13,8.37,35.84,,
Cu,nanoparticle,carbon paper,25,-0.75,K+,7.12,ClO4每,7.12,proton exchange membrane,16,28.5,7.01,46.83,,
Cu,nanoparticle,carbon paper,25,-0.75,K+,7.99,ClO4每,7.99,proton exchange membrane,19.02,24.93,7.22,50.36,,
Cu,nanoparticle,carbon paper,25,-0.75,K+,8.49,ClO4每,8.49,proton exchange membrane,10.13,18.69,9.27,57.4,,
Cu,cube,carbon paper,220,-1.12,K+,0.1,HCO3每,0.1,anion exchange membrane,35.35,0.85,54.93,8.31,,10.1002/ange.201802083
Cu,cube,carbon paper,220,-1.05,K+,0.1,HCO3每,0.1,anion exchange membrane,28.45,3.1,42.11,25.77,,
Cu,cube,carbon paper,220,-0.98,K+,0.1,HCO3每,0.1,anion exchange membrane,10.14,23.8,43.52,22.96,,
Cu,cube,carbon paper,220,-0.88,K+,0.1,HCO3每,0.1,anion exchange membrane,40.14,14.93,42.54,2.11,,
Cu,cube,carbon paper,320,-1.12,K+,0.1,HCO3每,0.1,anion exchange membrane,19.13,2.48,75.63,12.49,,
Cu,cube,carbon paper,320,-1.05,K+,0.1,HCO3每,0.1,anion exchange membrane,8.34,5.68,71.45,21.76,,
Cu,cube,carbon paper,320,-1,K+,0.1,HCO3每,0.1,anion exchange membrane,12.41,5.84,56.6,36.04,,
Cu,cube,carbon paper,320,-0.93,K+,0.1,HCO3每,0.1,anion exchange membrane,16.48,22.32,36.41,25.1,,
Cu,cube,carbon paper,320,-0.87,K+,0.1,HCO3每,0.1,anion exchange membrane,30.93,21.84,42.18,5.68,,
Cu,cube,carbon paper,580,-1.07,K+,0.1,HCO3每,0.1,anion exchange membrane,38.46,1.36,51.8,20.86,,
Cu,cube,carbon paper,580,-1.02,K+,0.1,HCO3每,0.1,anion exchange membrane,34.39,2.64,43.38,31.62,,
Cu,cube,carbon paper,580,-0.97,K+,0.1,HCO3每,0.1,anion exchange membrane,7.33,12.24,33.64,45.17,,
Cu,cube,carbon paper,580,-0.89,K+,0.1,HCO3每,0.1,anion exchange membrane,55.96,11.52,34.76,0.18,,
Cu,foam,Cu,35,-1,K+,0.5,HCO3每,0.5,proton exchange membrane,35.89,4.7,3.71,41.58,,10.1021/acscatal.6b00770
Cu,foam,Cu,35,-0.9,K+,0.5,HCO3每,0.5,proton exchange membrane,27.72,8.66,5.69,47.52,,
Cu,foam,Cu,35,-0.8,K+,0.5,HCO3每,0.5,proton exchange membrane,14.85,15.1,6.19,53.96,,
Cu,foam,Cu,35,-0.7,K+,0.5,HCO3每,0.5,proton exchange membrane,12.13,24.01,4.7,50.74,,
Cu,foam,Cu,35,-0.6,K+,0.5,HCO3每,0.5,proton exchange membrane,20.79,34.65,5.94,29.7,,
Cu,foam,Cu,35,-0.5,K+,0.5,HCO3每,0.5,proton exchange membrane,35.89,40.1,1.98,10.64,,
Cu,foam,Cu,35,-0.4,K+,0.5,HCO3每,0.5,proton exchange membrane,49.01,38.12,0.84,3.71,,
Cu2(OH)2CO3,nanoparticle,carbon paper,100,-0.777,K+,1,OH每,1,anion exchange membrane,13.53,34.64,5.96,56.46,,10.1021/acs.inorgchem.4c00279
Cu2(OH)2CO3,nanoparticle,carbon paper,100,-0.977,K+,1,OH每,1,anion exchange membrane,12.44,25.55,5.36,60.09,,
Cu2(OH)2CO3,nanoparticle,carbon paper,100,-1.177,K+,1,OH每,1,anion exchange membrane,12.17,20.64,5.12,58.77,,
Cu2(OH)2CO3,nanoparticle,carbon paper,100,-1.377,K+,1,OH每,1,anion exchange membrane,12.17,19.16,3.11,60.42,,
Cu2(OH)2CO3,nanoparticle,carbon paper,100,-1.577,K+,1,OH每,1,anion exchange membrane,12.44,16.22,3.33,62.08,,
Cu,nanoparticle,glassy carbon,7.5,-1.1,K+,0.1,HCO3每,0.1,anion exchange membrane,25.2,2.1,38.3,27.4,,10.1002/anie.201601582
Cu,nanoparticle,glassy carbon,27,-1.1,K+,0.1,HCO3每,0.1,anion exchange membrane,47.6,3.1,34.4,15.5,,
Cu,cube,glassy carbon,24,-1.1,K+,0.1,HCO3每,0.1,anion exchange membrane,54.7,3.3,35,9.8,,
Cu,cube,glassy carbon,44,-1.1,K+,0.1,HCO3每,0.1,anion exchange membrane,20.5,2.1,28.7,46.4,,
Cu,cube,glassy carbon,63,-1.1,K+,0.1,HCO3每,0.1,anion exchange membrane,32.3,1.2,27.8,32.3,,
CuxO,nanocrystal,Cu,29.9,-1.13,K+,0.1,HCO3每,0.1,anion exchange membrane,99.66,0,0.21,0,,10.1021/acs.jpcc.6b07128
CuxO,nanocrystal,Cu,29.9,-1.08,K+,0.1,HCO3每,0.1,anion exchange membrane,78.46,0,2.12,16.75,,
CuxO,nanocrystal,Cu,29.9,-1.03,K+,0.1,HCO3每,0.1,anion exchange membrane,59.37,0,3.18,33.47,,
CuxO,nanocrystal,Cu,29.9,-0.98,K+,0.1,HCO3每,0.1,anion exchange membrane,34.56,0.64,7.21,56.59,,
CuxO,nanocrystal,Cu,29.9,-0.93,K+,0.1,HCO3每,0.1,anion exchange membrane,49.41,1.27,10.6,36.47,,
CuxO,nanocrystal,Cu,29.9,-0.88,K+,0.1,HCO3每,0.1,anion exchange membrane,46.65,2.12,25.23,24.17,,
CuxO,nanocrystal,Cu,29.9,-0.83,K+,0.1,HCO3每,0.1,anion exchange membrane,51.74,2.76,12.72,32.87,,
CuxO,nanocrystal,Cu,29.9,-0.78,K+,0.1,HCO3每,0.1,anion exchange membrane,43.26,7.63,32.65,11.03,,
CuxO,nanocrystal,Cu,29.9,-0.68,K+,0.1,HCO3每,0.1,anion exchange membrane,64.04,12.72,32.44,7,,
CuxO,nanocrystal,Cu,18,-1.13,K+,0.1,HCO3每,0.1,anion exchange membrane,90.84,0,0.89,8.91,,
CuxO,nanocrystal,Cu,18,-1.08,K+,0.1,HCO3每,0.1,anion exchange membrane,75.28,0,1.17,24.78,,
CuxO,nanocrystal,Cu,18,-1.03,K+,0.1,HCO3每,0.1,anion exchange membrane,53.17,0,1.34,44.95,,
CuxO,nanocrystal,Cu,18,-0.98,K+,0.1,HCO3每,0.1,anion exchange membrane,45.15,0,3.18,49.47,,
CuxO,nanocrystal,Cu,18,-0.93,K+,0.1,HCO3每,0.1,anion exchange membrane,42.12,1.96,15.18,38.94,,
CuxO,nanocrystal,Cu,18,-0.88,K+,0.1,HCO3每,0.1,anion exchange membrane,47.69,3.09,13.47,37.31,,
CuxO,nanocrystal,Cu,18,-0.83,K+,0.1,HCO3每,0.1,anion exchange membrane,53.26,4.92,12.74,27.5,,
CuxO,nanocrystal,Cu,18,-0.78,K+,0.1,HCO3每,0.1,anion exchange membrane,49.16,5.89,28.68,14.59,,
CuxO,nanocrystal,Cu,18,-0.68,K+,0.1,HCO3每,0.1,anion exchange membrane,51.65,11.88,25.83,10.07,,
CuxO,nanocrystal,Cu,28.4,-1.13,K+,0.1,HCO3每,0.1,anion exchange membrane,100,0,0,0,,
CuxO,nanocrystal,Cu,28.4,-1.08,K+,0.1,HCO3每,0.1,anion exchange membrane,82.97,0,1.08,15.34,,
CuxO,nanocrystal,Cu,28.4,-1.03,K+,0.1,HCO3每,0.1,anion exchange membrane,75.86,0,1.29,23.55,,
CuxO,nanocrystal,Cu,28.4,-0.98,K+,0.1,HCO3每,0.1,anion exchange membrane,52.16,0,4.09,44.28,,
CuxO,nanocrystal,Cu,28.4,-0.93,K+,0.1,HCO3每,0.1,anion exchange membrane,43.97,0,4.96,51.75,,
CuxO,nanocrystal,Cu,28.4,-0.88,K+,0.1,HCO3每,0.1,anion exchange membrane,37.28,1.08,3.88,57.86,,
CuxO,nanocrystal,Cu,28.4,-0.83,K+,0.1,HCO3每,0.1,anion exchange membrane,39.66,1.08,4.31,55.18,,
CuxO,nanocrystal,Cu,28.4,-0.78,K+,0.1,HCO3每,0.1,anion exchange membrane,53.02,5.39,14.87,27.16,,
CuxO,nanocrystal,Cu,28.4,-0.68,K+,0.1,HCO3每,0.1,anion exchange membrane,39.66,12.07,26.08,21.72,,
CuxO,nanocrystal,Cu,40.6,-1.08,K+,0.1,HCO3每,0.1,anion exchange membrane,96.76,0,0,2.23,,
CuxO,nanocrystal,Cu,40.6,-1.03,K+,0.1,HCO3每,0.1,anion exchange membrane,81.38,0,0.4,15.36,,
CuxO,nanocrystal,Cu,40.6,-0.98,K+,0.1,HCO3每,0.1,anion exchange membrane,89.07,0,0.81,9.31,,
CuxO,nanocrystal,Cu,40.6,-0.93,K+,0.1,HCO3每,0.1,anion exchange membrane,72.67,0,1.21,18.83,,
CuxO,nanocrystal,Cu,40.6,-0.88,K+,0.1,HCO3每,0.1,anion exchange membrane,69.23,0,1.62,18.62,,
CuxO,nanocrystal,Cu,40.6,-0.83,K+,0.1,HCO3每,0.1,anion exchange membrane,56.07,0.93,1.82,39.4,,
CuxO,nanocrystal,Cu,40.6,-0.78,K+,0.1,HCO3每,0.1,anion exchange membrane,56.88,2.02,15.59,27.73,,
CuxO,nanocrystal,Cu,40.6,-0.68,K+,0.1,HCO3每,0.1,anion exchange membrane,54.05,5.26,19.43,17.59,,
CuxO,nanocrystal,Cu,25.4,-1.13,K+,0.1,HCO3每,0.1,anion exchange membrane,94.06,0.13,0.13,1.41,,
CuxO,nanocrystal,Cu,25.4,-1.08,K+,0.1,HCO3每,0.1,anion exchange membrane,58.42,0.13,0.79,31.54,,
CuxO,nanocrystal,Cu,25.4,-1.03,K+,0.1,HCO3每,0.1,anion exchange membrane,41.05,0.13,3.43,56.36,,
CuxO,nanocrystal,Cu,25.4,-0.98,K+,0.1,HCO3每,0.1,anion exchange membrane,36.65,0.79,4.75,57,,
CuxO,nanocrystal,Cu,25.4,-0.93,K+,0.1,HCO3每,0.1,anion exchange membrane,37.97,1.67,6.51,53.14,,
CuxO,nanocrystal,Cu,25.4,-0.88,K+,0.1,HCO3每,0.1,anion exchange membrane,46.33,3.21,15.53,33.9,,
CuxO,nanocrystal,Cu,25.4,-0.83,K+,0.1,HCO3每,0.1,anion exchange membrane,67.22,2.33,13.55,22.97,,
CuxO,nanocrystal,Cu,25.4,-0.78,K+,0.1,HCO3每,0.1,anion exchange membrane,54.91,6.95,21.91,16.81,,
CuxO,nanocrystal,Cu,25.4,-0.68,K+,0.1,HCO3每,0.1,anion exchange membrane,61.72,13.33,24.99,2.95,,
CuxO,nanocrystal,Cu,18.2,-1.08,K+,0.1,HCO3每,0.1,anion exchange membrane,84.33,0,7.94,12.66,,
CuxO,nanocrystal,Cu,18.2,-1.03,K+,0.1,HCO3每,0.1,anion exchange membrane,46.57,0,2.15,50.41,,
CuxO,nanocrystal,Cu,18.2,-0.98,K+,0.1,HCO3每,0.1,anion exchange membrane,35.62,0.43,4.29,55.92,,
CuxO,nanocrystal,Cu,18.2,-0.93,K+,0.1,HCO3每,0.1,anion exchange membrane,33.91,1.5,7.73,53.92,,
CuxO,nanocrystal,Cu,18.2,-0.88,K+,0.1,HCO3每,0.1,anion exchange membrane,46.57,1.72,6.87,44.98,,
CuxO,nanocrystal,Cu,18.2,-0.78,K+,0.1,HCO3每,0.1,anion exchange membrane,45.28,9.23,21.46,20.45,,
CuxO,nanocrystal,Cu,18.2,-0.68,K+,0.1,HCO3每,0.1,anion exchange membrane,45.71,18.67,21.03,14.72,,
CuxO,nanocrystal,Cu,21.8,-1.08,K+,0.1,HCO3每,0.1,anion exchange membrane,86.31,0,0,9.05,,
CuxO,nanocrystal,Cu,21.8,-1.03,K+,0.1,HCO3每,0.1,anion exchange membrane,63.58,0,0.88,32.23,,
CuxO,nanocrystal,Cu,21.8,-0.98,K+,0.1,HCO3每,0.1,anion exchange membrane,53.2,0.22,1.1,41.13,,
CuxO,nanocrystal,Cu,21.8,-0.93,K+,0.1,HCO3每,0.1,anion exchange membrane,39.74,0.88,6.62,53.1,,
CuxO,nanocrystal,Cu,21.8,-0.88,K+,0.1,HCO3每,0.1,anion exchange membrane,43.71,1.77,5.96,47.16,,
CuxO,nanocrystal,Cu,21.8,-0.83,K+,0.1,HCO3每,0.1,anion exchange membrane,53.2,1.77,9.71,34,,
CuxO,nanocrystal,Cu,21.8,-0.78,K+,0.1,HCO3每,0.1,anion exchange membrane,50.77,4.19,17.22,23.4,,
CuxO,nanocrystal,Cu,21.8,-0.68,K+,0.1,HCO3每,0.1,anion exchange membrane,52.1,10.38,17.66,17.06,,
CuxO,nanocrystal,Cu,22,-1.08,K+,0.1,HCO3每,0.1,anion exchange membrane,100,0,0,1.93,,
CuxO,nanocrystal,Cu,22,-1.03,K+,0.1,HCO3每,0.1,anion exchange membrane,64.34,0.48,0.96,29.88,,
CuxO,nanocrystal,Cu,22,-0.98,K+,0.1,HCO3每,0.1,anion exchange membrane,62.41,0.48,3.37,34.94,,
CuxO,nanocrystal,Cu,22,-0.93,K+,0.1,HCO3每,0.1,anion exchange membrane,41.2,0.72,3.61,50.47,,
CuxO,nanocrystal,Cu,22,-0.88,K+,0.1,HCO3每,0.1,anion exchange membrane,50.84,0.96,12.05,34.46,,
CuxO,nanocrystal,Cu,22,-0.83,K+,0.1,HCO3每,0.1,anion exchange membrane,57.83,0.96,7.47,35.9,,
CuxO,nanocrystal,Cu,22,-0.78,K+,0.1,HCO3每,0.1,anion exchange membrane,61.93,2.41,9.16,30.6,,
CuxO,nanocrystal,Cu,22,-0.68,K+,0.1,HCO3每,0.1,anion exchange membrane,40.24,9.88,23.61,26.98,,
CuxO,nanocrystal,Cu,33.1,-1.08,K+,0.1,HCO3每,0.1,anion exchange membrane,93.99,0,0.43,7.51,,
CuxO,nanocrystal,Cu,33.1,-1.03,K+,0.1,HCO3每,0.1,anion exchange membrane,77.25,0.21,0.43,17.81,,
CuxO,nanocrystal,Cu,33.1,-0.98,K+,0.1,HCO3每,0.1,anion exchange membrane,59.66,0.43,1.29,37.25,,
CuxO,nanocrystal,Cu,33.1,-0.93,K+,0.1,HCO3每,0.1,anion exchange membrane,54.94,1.29,2.58,39.4,,
CuxO,nanocrystal,Cu,33.1,-0.88,K+,0.1,HCO3每,0.1,anion exchange membrane,47,1.07,5.36,42.92,,
CuxO,nanocrystal,Cu,33.1,-0.83,K+,0.1,HCO3每,0.1,anion exchange membrane,46.78,1.72,9.44,39.91,,
CuxO,nanocrystal,Cu,33.1,-0.78,K+,0.1,HCO3每,0.1,anion exchange membrane,52.15,2.79,14.16,26.61,,
CuxO,nanocrystal,Cu,33.1,-0.68,K+,0.1,HCO3每,0.1,anion exchange membrane,47.42,7.51,24.68,18.88,,
CuxO,nanocrystal,Cu,36.1,-1.08,K+,0.1,HCO3每,0.1,anion exchange membrane,96.17,0,0,2.7,,
CuxO,nanocrystal,Cu,36.1,-1.03,K+,0.1,HCO3每,0.1,anion exchange membrane,56.08,0,0.68,43.46,,
CuxO,nanocrystal,Cu,36.1,-0.98,K+,0.1,HCO3每,0.1,anion exchange membrane,46.4,0.23,2.25,51.04,,
CuxO,nanocrystal,Cu,36.1,-0.93,K+,0.1,HCO3每,0.1,anion exchange membrane,36.49,1.35,3.83,54.67,,
CuxO,nanocrystal,Cu,36.1,-0.88,K+,0.1,HCO3每,0.1,anion exchange membrane,53.6,0.9,6.08,37.66,,
CuxO,nanocrystal,Cu,36.1,-0.83,K+,0.1,HCO3每,0.1,anion exchange membrane,61.49,1.13,6.08,34.23,,
CuxO,nanocrystal,Cu,36.1,-0.78,K+,0.1,HCO3每,0.1,anion exchange membrane,57.21,2.7,9.23,31.52,,
CuxO,nanocrystal,Cu,36.1,-0.68,K+,0.1,HCO3每,0.1,anion exchange membrane,54.05,2.7,12.16,30.48,,
Cu,nanoparticle,glassy carbon,7,-0.95,K+,0.1,HCO3每,0.1,ion exchange membrane,42.71,6.74,13.14,0,,10.1021/ja5065284
Cu,nanoparticle,glassy carbon,7,-1.05,K+,0.1,HCO3每,0.1,ion exchange membrane,20.21,3.61,45.67,3.94,,
Cu,nanoparticle,glassy carbon,7,-1.15,K+,0.1,HCO3每,0.1,ion exchange membrane,13.31,2.14,64.56,4.93,,
Cu,nanoparticle,glassy carbon,7,-1.25,K+,0.1,HCO3每,0.1,ion exchange membrane,12.32,1.15,69.32,3.29,,
Cu,nanoparticle,glassy carbon,7,-1.35,K+,0.1,HCO3每,0.1,ion exchange membrane,24.48,0.82,76.39,2.63,,
Cu,nanoparticle,glassy carbon,7,-1.45,K+,0.1,HCO3每,0.1,ion exchange membrane,26.12,0.16,64.39,1.48,,
Cu,needle,Cu,335,-1,K+,0.1,HCO3每,0.1,proton exchange membrane,37.8,9.45,17.85,34.91,,10.1021/acs.nanolett.1c04653
Cu,needle,Cu,335,-1.2,K+,0.1,HCO3每,0.1,proton exchange membrane,21,1.84,17.59,59.58,,
Cu,needle,Cu,335,-1.4,K+,0.1,HCO3每,0.1,proton exchange membrane,22.05,1.84,27.56,48.56,,
Cu,needle,Cu,335,-1.6,K+,0.1,HCO3每,0.1,proton exchange membrane,35.17,2.62,41.99,20.21,,
Cu2S,core-shell,glassy carbon,8,-0.85,K+,0.1,HCO3每,0.1,anion exchange membrane,15.8,16.5,66,0,,10.1038/s41929-018-0084-7
Cu2S,core-shell,glassy carbon,8,-0.9,K+,0.1,HCO3每,0.1,anion exchange membrane,16.8,10.5,61.4,8.2,,
Cu2S,core-shell,glassy carbon,8,-0.95,K+,0.1,HCO3每,0.1,anion exchange membrane,13.8,3.5,31.1,50.8,,
Cu2S,core-shell,glassy carbon,8,-1,K+,0.1,HCO3每,0.1,anion exchange membrane,18.5,1.5,29.3,48.5,,
Cu2S,core-shell,glassy carbon,8,-1.05,K+,0.1,HCO3每,0.1,anion exchange membrane,29.8,0.5,19.8,42.4,,
Cu2S,core-shell,glassy carbon,8,-1.1,K+,0.1,HCO3每,0.1,anion exchange membrane,35.5,0,19.4,46.7,,
Cu2S,core-shell,glassy carbon,8,-1.15,K+,0.1,HCO3每,0.1,anion exchange membrane,41.8,0,6,37.3,,
CuxO,sheet,Cu,100,-0.6,K+,0.1,HCO3每,0.1,proton exchange membrane,36.16,10.74,29.75,23.35,,10.1039/d0gc00247j
CuxO,sheet,Cu,100,-0.7,K+,0.1,HCO3每,0.1,proton exchange membrane,30.79,8.47,28.51,32.03,,
CuxO,sheet,Cu,100,-0.8,K+,0.1,HCO3每,0.1,proton exchange membrane,24.38,5.99,25.21,44.15,,
CuxO,sheet,Cu,100,-0.9,K+,0.1,HCO3每,0.1,proton exchange membrane,15.7,4.75,14.88,64.51,,
CuxO,sheet,Cu,100,-1,K+,0.1,HCO3每,0.1,proton exchange membrane,27.27,4.13,16.94,51.64,,
CuxO,sheet,Cu,100,-1.1,K+,0.1,HCO3每,0.1,proton exchange membrane,41.94,2.89,14.88,39.96,,
CuxO,sheet,Cu,100,-1.2,K+,0.1,HCO3每,0.1,proton exchange membrane,54.34,1.45,11.98,31.88,,
Cu,nanoparticle,Vulcan Carbon,9,-2.2,K+,0.1,HCO3每,0.1,proton exchange membrane,9.77,3.01,45.1,35.14,,10.1016/j.cattod.2016.11.001
Cu,nanoparticle,Vulcan Carbon,9,-2,K+,0.1,HCO3每,0.1,proton exchange membrane,20.48,3.95,44.53,29.88,,
Cu,nanoparticle,Vulcan Carbon,9,-1.8,K+,0.1,HCO3每,0.1,proton exchange membrane,20.86,10.15,24.99,40.02,,
Cu,nanoparticle,Vulcan Carbon,9,-1.6,K+,0.1,HCO3每,0.1,proton exchange membrane,30.25,22.55,7.33,20.11,,
Cu,nanoparticle,Vulcan Carbon,9,-1.4,K+,0.1,HCO3每,0.1,proton exchange membrane,50.92,7.7,1.88,0.38,,
Cu,nanoparticle,reduced graphene oxide,13,-2.2,K+,0.1,HCO3每,0.1,proton exchange membrane,18.33,7.59,30.56,35.4,,
Cu,nanoparticle,reduced graphene oxide,13,-2,K+,0.1,HCO3每,0.1,proton exchange membrane,14.54,4.64,43.62,48.47,,
Cu,nanoparticle,reduced graphene oxide,13,-1.8,K+,0.1,HCO3每,0.1,proton exchange membrane,21.92,6.53,8.85,61.11,,
Cu,nanoparticle,reduced graphene oxide,13,-1.6,K+,0.1,HCO3每,0.1,proton exchange membrane,22.97,8.22,1.26,32.45,,
Cu,nanoparticle,reduced graphene oxide,13,-1.4,K+,0.1,HCO3每,0.1,proton exchange membrane,63.64,23.18,0,1.26,,
Cu,nanoparticle,onion-like carbon,15,-2.2,K+,0.1,HCO3每,0.1,proton exchange membrane,83.75,13,8.46,1.44,,
Cu,nanoparticle,onion-like carbon,15,-2,K+,0.1,HCO3每,0.1,proton exchange membrane,73.02,4.33,9.28,4.13,,
Cu,nanoparticle,onion-like carbon,15,-1.8,K+,0.1,HCO3每,0.1,proton exchange membrane,35.27,18.98,19.8,27.02,,
Cu,nanoparticle,onion-like carbon,15,-1.6,K+,0.1,HCO3每,0.1,proton exchange membrane,32.38,22.07,1.65,14.23,,
Cu,nanoparticle,onion-like carbon,15,-1.4,K+,0.1,HCO3每,0.1,proton exchange membrane,59.61,14.23,0,0,,
Cu,nanocrystal,Cu,4,-1.14,K+,0.1,HCO3每,0.1,proton exchange membrane,44.02,0.49,7.83,40.6,,10.1021/acs.nanolett.0c04703
Cu,nanocrystal,Cu,4,-1.04,K+,0.1,HCO3每,0.1,proton exchange membrane,33.99,1.22,22.01,44.02,,
Cu,nanocrystal,Cu,4,-0.94,K+,0.1,HCO3每,0.1,proton exchange membrane,33.26,5.14,39.86,4.65,,
Cu,nanocrystal,Cu,4,-0.84,K+,0.1,HCO3每,0.1,proton exchange membrane,47.69,10.52,34.24,0,,
Cu,nanocrystal,Cu,4,-0.74,K+,0.1,HCO3每,0.1,proton exchange membrane,56.98,5.38,13.94,0,,
Cu,nanocrystal,Cu,4,-0.64,K+,0.1,HCO3每,0.1,proton exchange membrane,84.38,4.65,17.85,0,,
CuxO,cube,carbon paper,85.3,-0.63,K+,0.1,HCO3每,0.1,ion exchange membrane,38.51,13.37,15.17,36.83,,10.1038/s41467-024-52692-w
CuxO,cube,carbon paper,85.3,-0.78,K+,0.1,HCO3每,0.1,ion exchange membrane,40.46,4.59,37.9,34.59,,
CuxO,cube,carbon paper,85.3,-0.92,K+,0.1,HCO3每,0.1,ion exchange membrane,44.64,3.13,19.05,37.11,,
CuxO,cube,carbon paper,85.3,-1.01,K+,0.1,HCO3每,0.1,ion exchange membrane,44.02,2.89,7.97,43.68,,
CuxO,cube,carbon paper,85.3,-1.1,K+,0.1,HCO3每,0.1,ion exchange membrane,61.92,0.4,0.7,34.11,,
CuxO,nanoparticle,carbon paper,92.9,-0.67,K+,0.1,HCO3每,0.1,ion exchange membrane,61.2,21.76,12.78,1.17,,
CuxO,nanoparticle,carbon paper,92.9,-0.77,K+,0.1,HCO3每,0.1,ion exchange membrane,36.7,9.21,5.88,41.17,,
CuxO,nanoparticle,carbon paper,92.9,-0.89,K+,0.1,HCO3每,0.1,ion exchange membrane,34.28,8.32,8.94,44.39,,
CuxO,nanoparticle,carbon paper,92.9,-1.01,K+,0.1,HCO3每,0.1,ion exchange membrane,55.94,1.51,0.5,40.84,,
CuxO,nanoparticle,carbon paper,92.9,-1.09,K+,0.1,HCO3每,0.1,ion exchange membrane,74.07,0.64,0,26.36,,
Cu,nanoparticle,carbon paper,70,-0.69,K+,0.1,HCO3每,0.1,ion exchange membrane,62.84,15.43,13.11,0.71,,
Cu,nanoparticle,carbon paper,70,-0.81,K+,0.1,HCO3每,0.1,ion exchange membrane,32.52,22.92,19.58,22.97,,
Cu,nanoparticle,carbon paper,70,-0.94,K+,0.1,HCO3每,0.1,ion exchange membrane,33.9,9.59,12.59,38.11,,
Cu,nanoparticle,carbon paper,70,-1.04,K+,0.1,HCO3每,0.1,ion exchange membrane,39.23,1.9,8.97,43.16,,
Cu,nanoparticle,carbon paper,70,-1.12,K+,0.1,HCO3每,0.1,ion exchange membrane,68.22,0.44,0.66,27.75,,
CuxO,nanocrystal,Cu,10,-0.72,K+,0.1,HCO3每,0.1,proton exchange membrane,73.97,5.32,0.46,2.08,,10.1021/jacs.9b11790
CuxO,nanocrystal,Cu,10,-0.87,K+,0.1,HCO3每,0.1,proton exchange membrane,35.23,7.87,0.46,30.46,,
CuxO,nanocrystal,Cu,10,-0.9,K+,0.1,HCO3每,0.1,proton exchange membrane,37.55,4.16,3.54,36.7,,
CuxO,nanocrystal,Cu,10,-1.1,K+,0.1,HCO3每,0.1,proton exchange membrane,28.11,0.88,4.77,60.54,,
CuxO,nanocrystal,Cu,10,-1.05,K+,0.1,HCO3每,0.1,proton exchange membrane,21.66,1.25,2.92,68.3,,
CuxO,nanocrystal,Cu,10,-1.09,K+,0.1,HCO3每,0.1,proton exchange membrane,30.93,0.93,5.23,66.97,,
CuxO,nanocrystal,Cu,10,-1.21,K+,0.1,HCO3每,0.1,proton exchange membrane,31.09,0.93,13.23,57.89,,
Cu(OH)2,needle,Cu,10,-0.72,K+,0.1,HCO3每,0.1,proton exchange membrane,55.93,8.33,0.62,4.73,,
Cu(OH)2,needle,Cu,10,-0.83,K+,0.1,HCO3每,0.1,proton exchange membrane,46.82,8.01,0.31,17.41,,
Cu(OH)2,needle,Cu,10,-0.93,K+,0.1,HCO3每,0.1,proton exchange membrane,36.06,4.4,0.46,42,,
Cu(OH)2,needle,Cu,10,-1,K+,0.1,HCO3每,0.1,proton exchange membrane,29.27,2.73,2.46,49,,
Cu(OH)2,needle,Cu,10,-1.03,K+,0.1,HCO3每,0.1,proton exchange membrane,27.12,1.43,1.54,62.43,,
Cu(OH)2,needle,Cu,10,-1.12,K+,0.1,HCO3每,0.1,proton exchange membrane,30.6,0.93,3.08,58.84,,
Cu(OH)2,needle,Cu,10,-1.17,K+,0.1,HCO3每,0.1,proton exchange membrane,27.12,1.02,2.31,62.43,,
CuxO,cube,carbon paper,112,-0.45,K+,0.5,HCO3每,0.5,anion exchange membrane,36.67,24.01,7.42,26.41,,10.1002/anie.202407748
CuxO,cube,carbon paper,112,-0.55,K+,0.5,HCO3每,0.5,anion exchange membrane,27.06,22.48,9.38,36.67,,
CuxO,cube,carbon paper,112,-0.65,K+,0.5,HCO3每,0.5,anion exchange membrane,23.79,14.84,10.04,48.89,,
CuxO,cube,carbon paper,112,-0.75,K+,0.5,HCO3每,0.5,anion exchange membrane,20.3,10.04,7.2,61.76,,
CuxO,cube,carbon paper,112,-0.85,K+,0.5,HCO3每,0.5,anion exchange membrane,23.79,8.29,6.98,58.49,,
CuxO,cube,carbon paper,112,-0.95,K+,0.5,HCO3每,0.5,anion exchange membrane,30.55,7.2,5.67,54.78,,
CuxO,cube,carbon paper,112,-1.05,K+,0.5,HCO3每,0.5,anion exchange membrane,38.19,5.89,5.89,49.11,,
CuxO,cube,carbon paper,112,-1.15,K+,0.5,HCO3每,0.5,anion exchange membrane,45.4,5.67,4.8,43.21,,
CuxO,cube,carbon paper,112,-1.25,K+,0.5,HCO3每,0.5,anion exchange membrane,51.72,4.58,2.84,39.07,,
Cu,nano-octahedra,glassy carbon,75,-1.15,K+,0.1,HCO3每,0.1,anion exchange membrane,37.85,15.3,36.86,9.04,,10.1039/c9cc02522g
Cu,nano-octahedra,glassy carbon,75,-1.25,K+,0.1,HCO3每,0.1,anion exchange membrane,26.72,1.16,57.95,12.29,,
Cu,nano-octahedra,glassy carbon,75,-1.35,K+,0.1,HCO3每,0.1,anion exchange membrane,41.56,1.16,44.74,4.4,,
Cu,nano-octahedra,glassy carbon,150,-1.15,K+,0.1,HCO3每,0.1,anion exchange membrane,71.69,7.19,17.15,1.39,,
Cu,nano-octahedra,glassy carbon,150,-1.25,K+,0.1,HCO3每,0.1,anion exchange membrane,39.47,3.71,44.74,7.19,,
Cu,nano-octahedra,glassy carbon,150,-1.35,K+,0.1,HCO3每,0.1,anion exchange membrane,60.57,3.25,28.05,1.62,,
Cu,nano-octahedra,glassy carbon,310,-1.15,K+,0.1,HCO3每,0.1,anion exchange membrane,86.53,2.09,2.09,0.93,,
Cu,nano-octahedra,glassy carbon,310,-1.25,K+,0.1,HCO3每,0.1,anion exchange membrane,84.9,1.85,3.94,0.7,,
Cu,nano-octahedra,glassy carbon,310,-1.35,K+,0.1,HCO3每,0.1,anion exchange membrane,65.43,2.55,17.15,1.39,,
CuxO,nanoparticle,Cu,75,-0.64,K+,0.5,HCO3每,0.5,ion exchange membrane,64.1,4.5,27.1,0,,10.1021/jacs.0c00122
CuxO,nanoparticle,Cu,75,-0.84,K+,0.5,HCO3每,0.5,ion exchange membrane,65.5,3.5,19.4,5.2,,
CuxO,nanoparticle,Cu,75,-1.04,K+,0.5,HCO3每,0.5,ion exchange membrane,68.9,2,25,6.9,,
CuxO,nanoparticle,Cu,75,-1.24,K+,0.5,HCO3每,0.5,ion exchange membrane,77.8,0.3,17.1,5.7,,
Cu,nanowire,Cu,25,-0.195,K+,0.1,HCO3每,0.1,anion exchange membrane,63,30,7,0,,10.1021/acscatal.7b03107
Cu,nanowire,Cu,25,-0.295,K+,0.1,HCO3每,0.1,anion exchange membrane,29,62,9,0,,
Cu,nanowire,Cu,25,-0.395,K+,0.1,HCO3每,0.1,anion exchange membrane,30,62,8,0,,
Cu,nanowire,Cu,25,-0.495,K+,0.1,HCO3每,0.1,anion exchange membrane,19,54,25,2,,
Cu,nanowire,Cu,36,-0.495,K+,0.1,HCO3每,0.1,anion exchange membrane,77.02,21.77,16.39,0.45,,
Cu,nanowire,Cu,36,-0.395,K+,0.1,HCO3每,0.1,anion exchange membrane,68.05,24.78,9.11,0,,
Cu,nanowire,Cu,36,-0.295,K+,0.1,HCO3每,0.1,anion exchange membrane,66.52,23.71,4.11,0,,
Cu,nanowire,Cu,36,-0.195,K+,0.1,HCO3每,0.1,anion exchange membrane,89.5,17.46,1.9,0,,
Cu,nanowire,Cu,31,-0.495,K+,0.1,HCO3每,0.1,anion exchange membrane,70.9,12.5,9.37,0.2,,
Cu,nanowire,Cu,31,-0.395,K+,0.1,HCO3每,0.1,anion exchange membrane,76.15,9.91,6.14,0,,
Cu,nanowire,Cu,31,-0.295,K+,0.1,HCO3每,0.1,anion exchange membrane,67.61,7.97,3.67,0,,
Cu,nanowire,Cu,31,-0.195,K+,0.1,HCO3每,0.1,anion exchange membrane,66.3,4.96,7.15,0,,
Cu,nanowire,Cu,47,-0.495,K+,0.1,HCO3每,0.1,anion exchange membrane,87.31,6.03,3.29,0,,
Cu,nanowire,Cu,47,-0.395,K+,0.1,HCO3每,0.1,anion exchange membrane,74.84,3.66,1.65,0,,
Cu,nanowire,Cu,47,-0.295,K+,0.1,HCO3每,0.1,anion exchange membrane,76.81,2.59,0.63,0,,
Cu,nanowire,Cu,47,-0.195,K+,0.1,HCO3每,0.1,anion exchange membrane,73.96,2.59,0,0,,
Cu,nanowire,Cu,54,-0.495,K+,0.1,HCO3每,0.1,anion exchange membrane,87.31,3.02,7.15,0,,
Cu,nanowire,Cu,54,-0.395,K+,0.1,HCO3每,0.1,anion exchange membrane,85.34,2.37,6.52,0,,
Cu,nanowire,Cu,54,-0.295,K+,0.1,HCO3每,0.1,anion exchange membrane,97.37,1.08,4.68,0,,
Cu,nanoparticle,carbon paper,6.7,-0.87,K+,0.1,HCO3每,0.1,anion exchange membrane,61.2,10.5,16.2,12.1,,10.1073/pnas.1711493114
Cu,cube,carbon plate,25,-0.57,K+,0.1,HCO3每,0.1,anion exchange membrane,73.6,15.2,6.4,4.8,,
Cu,cube,carbon plate,25,-0.66,K+,0.1,HCO3每,0.1,anion exchange membrane,56.7,18.2,14.6,10.5,,
Cu,cube,carbon plate,25,-0.75,K+,0.1,HCO3每,0.1,anion exchange membrane,49.3,14.3,13.6,22.7,,
Cu,cube,carbon plate,25,-0.78,K+,0.1,HCO3每,0.1,anion exchange membrane,40.4,9.1,11.3,39.2,,
Cu,cube,carbon plate,25,-0.81,K+,0.1,HCO3每,0.1,anion exchange membrane,35.7,6.6,8.9,48.8,,
Cu,cube,carbon plate,25,-0.86,K+,0.1,HCO3每,0.1,anion exchange membrane,37.5,2,5.3,55.1,,
Cu,cube,carbon plate,25,-0.89,K+,0.1,HCO3每,0.1,anion exchange membrane,40.2,1,12,46.8,,
Cu,cube,carbon plate,25,-0.53,Cs+,0.1,HCO3每,0.1,anion exchange membrane,69.5,20.3,5.1,5,,
Cu,cube,carbon plate,25,-0.57,Cs+,0.1,HCO3每,0.1,anion exchange membrane,54.5,24.3,12.9,8.4,,
Cu,cube,carbon plate,25,-0.62,Cs+,0.1,HCO3每,0.1,anion exchange membrane,42.4,23.2,19.6,14.8,,
Cu,cube,carbon plate,25,-0.66,Cs+,0.1,HCO3每,0.1,anion exchange membrane,41,16.8,18.3,23.9,,
Cu,cube,carbon plate,25,-0.73,Cs+,0.1,HCO3每,0.1,anion exchange membrane,39.5,7.7,10.2,42.6,,
Cu,cube,carbon plate,25,-0.75,Cs+,0.1,HCO3每,0.1,anion exchange membrane,43,3,4.7,49.3,,
Cu,cube,carbon plate,25,-0.79,Cs+,0.1,HCO3每,0.1,anion exchange membrane,52.3,1.6,3.1,43,,
CuxO,nanoparticle,carbon paper,75,-0.229,K+,0.5,HCO3每,0.5,cation exchange membrane,0,0.21,0.63,0,,10.1039/c4cp03172e
CuxO,nanoparticle,carbon paper,75,-0.33,K+,0.5,HCO3每,0.5,cation exchange membrane,15.3,5.24,5.24,0,,
CuxO,nanoparticle,carbon paper,75,-0.428,K+,0.5,HCO3每,0.5,cation exchange membrane,35.01,5.24,5.24,0.84,,
CuxO,nanoparticle,carbon paper,75,-0.528,K+,0.5,HCO3每,0.5,cation exchange membrane,33.12,10.69,10.9,1.47,,
CuxO,nanoparticle,carbon paper,75,-0.629,K+,0.5,HCO3每,0.5,cation exchange membrane,33.96,15.72,15.72,5.03,,
CuxO,nanoparticle,carbon paper,75,-0.727,K+,0.5,HCO3每,0.5,cation exchange membrane,45.91,21.17,21.59,7.13,,
CuxO,nanoparticle,carbon paper,75,-0.828,K+,0.5,HCO3每,0.5,cation exchange membrane,49.9,12.79,13,10.48,,
CuxO,nanoparticle,carbon paper,75,-0.928,K+,0.5,HCO3每,0.5,cation exchange membrane,58.91,10.06,10.69,15.3,,
CuxO,nanoparticle,carbon paper,75,-1.026,K+,0.5,HCO3每,0.5,cation exchange membrane,59.12,6.08,6.5,23.48,,
CuxO,nanoparticle,carbon paper,75,-1.127,K+,0.5,HCO3每,0.5,cation exchange membrane,60.8,5.24,5.87,25.58,,
CuxO,nanoparticle,carbon paper,75,-1.23,K+,0.5,HCO3每,0.5,cation exchange membrane,55.56,4.4,7.55,24.32,,
CuxO,nanoparticle,carbon paper,75,-1.328,K+,0.5,HCO3每,0.5,cation exchange membrane,60.17,1.89,4.61,23.9,,
CuxO,nanoparticle,carbon paper,75,-1.426,K+,0.5,HCO3每,0.5,cation exchange membrane,51.57,1.26,12.16,22.43,,
CuxO,nanoparticle,carbon paper,75,-1.529,K+,0.5,HCO3每,0.5,cation exchange membrane,55.56,1.05,6.08,21.17,,
CuxO,nanoparticle,carbon paper,75,-1.627,K+,0.5,HCO3每,0.5,cation exchange membrane,55.56,0,4.4,20.55,,
CuxO,nanoparticle,carbon paper,75,-1.725,K+,0.5,HCO3每,0.5,cation exchange membrane,61.43,0,4.19,19.92,,
Cu,nanoparticle,carbon paper,160,-0.428,K+,0.5,HCO3每,0.5,cation exchange membrane,88.85,1.44,4.32,0,,
Cu,nanoparticle,carbon paper,160,-0.528,K+,0.5,HCO3每,0.5,cation exchange membrane,84.53,3.24,6.83,0,,
Cu,nanoparticle,carbon paper,160,-0.629,K+,0.5,HCO3每,0.5,cation exchange membrane,68.53,4.86,26.8,0.36,,
Cu,nanoparticle,carbon paper,160,-0.727,K+,0.5,HCO3每,0.5,cation exchange membrane,67.27,7.37,26.44,0.9,,
Cu,nanoparticle,carbon paper,160,-0.828,K+,0.5,HCO3每,0.5,cation exchange membrane,48.02,10.97,32.01,4.68,,
Cu,nanoparticle,carbon paper,160,-0.928,K+,0.5,HCO3每,0.5,cation exchange membrane,45.86,6.12,39.93,5.04,,
Cu,nanoparticle,carbon paper,160,-1.026,K+,0.5,HCO3每,0.5,cation exchange membrane,42.45,2.88,43.53,7.01,,
Cu,nanoparticle,carbon paper,160,-1.127,K+,0.5,HCO3每,0.5,cation exchange membrane,35.97,2.16,53.24,6.29,,
Cu,nanoparticle,carbon paper,160,-1.23,K+,0.5,HCO3每,0.5,cation exchange membrane,31.65,1.44,55.58,6.47,,
Cu,nanoparticle,carbon paper,160,-1.328,K+,0.5,HCO3每,0.5,cation exchange membrane,33.63,0,57.73,9.71,,
Cu,nanoparticle,carbon paper,160,-1.426,K+,0.5,HCO3每,0.5,cation exchange membrane,39.21,0,55.04,5.76,,
Cu,nanoparticle,carbon paper,160,-1.529,K+,0.5,HCO3每,0.5,cation exchange membrane,25.9,0,63.13,5.76,,
Cu,nanoparticle,carbon paper,160,-1.627,K+,0.5,HCO3每,0.5,cation exchange membrane,58.99,0,38.67,3.24,,
Cu,nanoparticle,carbon paper,160,-1.725,K+,0.5,HCO3每,0.5,cation exchange membrane,61.87,0,27.88,5.22,,
Cu,nanowire,Cu,24,-0.195,K+,0.1,HCO3每,0.1,anion exchange membrane,63.58,29.5,7.19,1.71,,10.1021/acs.nanolett.5b03298
Cu,nanowire,Cu,24,-0.295,K+,0.1,HCO3每,0.1,anion exchange membrane,54.74,61.19,8.79,0.7,,
Cu,nanowire,Cu,24,-0.395,K+,0.1,HCO3每,0.1,anion exchange membrane,55.6,61.78,7.5,0.62,,
Cu,nanowire,Cu,24,-0.495,K+,0.1,HCO3每,0.1,anion exchange membrane,54.74,53.25,25.43,2.84,,
Cu,nanowire,Cu,24,-0.595,K+,0.1,HCO3每,0.1,anion exchange membrane,38.36,15.99,30.72,8.47,,
Cu,nanowire,Cu,24,-0.695,K+,0.1,HCO3每,0.1,anion exchange membrane,17.24,4.97,18.05,24.95,,
Cu,nanowire,Cu,24,-0.795,K+,0.1,HCO3每,0.1,anion exchange membrane,23.49,2.49,9.6,26.55,,
Cu,nanowire,Cu,24,-0.895,K+,0.1,HCO3每,0.1,anion exchange membrane,27.8,0.9,3.6,22.97,,
Cu,nanowire,Cu,24,-0.995,K+,0.1,HCO3每,0.1,anion exchange membrane,38.58,0.58,1.37,16.24,,
Cu,nanowire,Cu,73,-0.195,K+,0.1,HCO3每,0.1,anion exchange membrane,93.41,2.95,7.73,10.45,,
Cu,nanowire,Cu,73,-0.295,K+,0.1,HCO3每,0.1,anion exchange membrane,80.68,2.95,13.18,9.09,,
Cu,nanowire,Cu,73,-0.395,K+,0.1,HCO3每,0.1,anion exchange membrane,80.45,2.05,17.27,6.59,,
Cu,nanowire,Cu,73,-0.495,K+,0.1,HCO3每,0.1,anion exchange membrane,77.73,2.95,13.64,5,,
Cu,nanowire,Cu,73,-0.595,K+,0.1,HCO3每,0.1,anion exchange membrane,64.55,6.14,20.68,3.41,,
Cu,nanowire,Cu,73,-0.695,K+,0.1,HCO3每,0.1,anion exchange membrane,89.09,3.18,2.27,0,,
Cu,nanowire,Cu,73,-0.795,K+,0.1,HCO3每,0.1,anion exchange membrane,98.18,2.5,2.73,0.23,,
Cu,nanowire,Cu,73,-0.895,K+,0.1,HCO3每,0.1,anion exchange membrane,88.86,0,0.45,0.91,,
Cu,nanowire,Cu,73,-0.995,K+,0.1,HCO3每,0.1,anion exchange membrane,93.41,0.91,0.45,1.82,,
Cu,nanoparticle,Cu,74,-1.1,K+,0.1,ClO4每,0.1,proton exchange membrane,29.06,33.75,1.01,36.1,,10.1039/c1cp22700a
CuxO,dendritic,Cu,50,-0.4,K+,0.5,HCO3每,0.5,proton exchange membrane,10.5,2.3,39.6,47.6,,10.1038/s41467-019-11599-7
Cu,needle,Cu,150,-1.1,K+,0.1,HCO3每,0.1,proton exchange membrane,26.8,5.3,10.9,57,,
Cu,needle,Cu,150,-1.2,K+,0.1,HCO3每,0.1,proton exchange membrane,29.7,4.9,11.1,54.3,,
Cu,needle,Cu,150,-1.3,K+,0.1,HCO3每,0.1,proton exchange membrane,31.4,4.3,12.2,52.2,,
Cu,needle,Cu,150,-1.4,K+,0.1,HCO3每,0.1,proton exchange membrane,36.3,3.8,12,48,,
Cu,needle,Cu,150,-1.5,K+,0.1,HCO3每,0.1,proton exchange membrane,42.3,3.8,10.8,43.1,,
Cu,needle,Cu,150,-1.6,K+,0.1,HCO3每,0.1,proton exchange membrane,45.5,3.8,10.4,40.3,,
Cu,needle,Cu,150,-1.7,K+,0.1,HCO3每,0.1,proton exchange membrane,47,3.6,10,39.1,,
Cu,nanoparticle,Cu,20,-0.7,K+,0.1,HCO3每,0.1,anion exchange membrane,83.05,1.73,5.06,0,,10.1002/celc.201600068
Cu,nanoparticle,Cu,20,-0.8,K+,0.1,HCO3每,0.1,anion exchange membrane,80.47,4.86,4.54,0.2,,
Cu,nanoparticle,Cu,20,-0.9,K+,0.1,HCO3每,0.1,anion exchange membrane,71.28,6.77,9.89,9.5,,
Cu,nanoparticle,Cu,20,-1,K+,0.1,HCO3每,0.1,anion exchange membrane,68.14,3.74,6.96,12.97,,
Cu,nanoparticle,Cu,20,-1.1,K+,0.1,HCO3每,0.1,anion exchange membrane,56.68,2.92,18.64,15.17,,
