Molar ratio (Zn:Cu),Promoter 1,Promoter 1 ratio (Promoter 1:Cu),Promoter 2,Promoter 2 ratio (Promoter 2:Cu),Catalyst surface area (m2/g) (LN scale),Type of sysnthesis procedure,Calcination temperature (°C),Calcination time (h),Temperature (°C),Pressure (bar),H2/CO2 ratio (-),GHSV (mL/g.h) (LN scale),CO selectivity (%),Methanol selectivity (%),STY_CH3OH (g/kg·h) (LN scale),CO2 conversion efficiency (%),,,,DOI,Name,Year
2,Null,,Null,,3.104586678,Co-precipitation,350,4,200,30,3,10.08580911,39.9504,60.0496,4.680056676,2.12687,,,,10.1016/j.apcatb.2022.122233,Boosting CO2 hydrogenation to methanol by adding trace amount of Au into Cu/ZnO catalysts,2023
2,Null,,Null,,3.104586678,Co-precipitation,350,4,225,30,3,10.08580911,46.8983,53.1017,5.077314746,3.50746,,,,10.1016/j.apcatb.2022.122233,,2023
2,Null,,Null,,3.104586678,Co-precipitation,350,4,250,30,3,10.08580911,65.2605,34.7395,5.188692696,6.00746,,,,10.1016/j.apcatb.2022.122233,,2023
2,Null,,Null,,3.104586678,Co-precipitation,350,4,275,30,3,10.08580911,78.1638,21.8362,5.284745187,10.0224,,,,10.1016/j.apcatb.2022.122233,,2023
2,Au,0.001,Null,,3.46260601,Co-precipitation,350,4,200,30,3,10.08580911,23.0769,76.9231,5.040798633,2.31343,,,,10.1016/j.apcatb.2022.122233,,2023
2,Au,0.001,Null,,3.46260601,Co-precipitation,350,4,225,30,3,10.08580911,34.4913,65.5087,5.452940214,4.1791,,,,10.1016/j.apcatb.2022.122233,,2023
2,Au,0.001,Null,,3.46260601,Co-precipitation,350,4,250,30,3,10.08580911,48.3871,51.6129,5.623928547,6.23134,,,,10.1016/j.apcatb.2022.122233,,2023
2,Au,0.001,Null,,3.46260601,Co-precipitation,350,4,275,30,3,10.08580911,70.2233,29.7767,5.681545264,11.6045,,,,10.1016/j.apcatb.2022.122233,,2023
2,Au,0.005,Null,,3.465735903,Co-precipitation,350,4,200,30,3,10.08580911,18.6104,81.3896,5.197816118,2.54325,,,,10.1016/j.apcatb.2022.122233,,2023
2,Au,0.005,Null,,3.465735903,Co-precipitation,350,4,225,30,3,10.08580911,30.7692,69.2308,5.575318888,4.37872,,,,10.1016/j.apcatb.2022.122233,,2023
2,Au,0.005,Null,,3.465735903,Co-precipitation,350,4,250,30,3,10.08580911,42.1836,57.8164,5.751803137,6.30551,,,,10.1016/j.apcatb.2022.122233,,2023
2,Au,0.005,Null,,3.465735903,Co-precipitation,350,4,275,30,3,10.08580911,69.0722,30.9278,5.807624384,9.77035,,,,10.1016/j.apcatb.2022.122233,,2023
2,Au,0.02,Null,,3.242592351,Co-precipitation,350,4,200,30,3,10.08580911,22.0844,77.9156,4.986205139,2.16965,,,,10.1016/j.apcatb.2022.122233,,2023
2,Au,0.02,Null,,3.242592351,Co-precipitation,350,4,225,30,3,10.08580911,32.2581,67.7419,5.435191472,3.91121,,,,10.1016/j.apcatb.2022.122233,,2023
2,Au,0.02,Null,,3.242592351,Co-precipitation,350,4,250,30,3,10.08580911,43.9206,56.0794,5.670284439,5.97653,,,,10.1016/j.apcatb.2022.122233,,2023
2,Au,0.02,Null,,3.242592351,Co-precipitation,350,4,275,30,3,10.08580911,68.2382,31.7618,5.692680694,10.0269,,,,10.1016/j.apcatb.2022.122233,,2023
2,Au,0.05,Null,,3.222867846,Co-precipitation,350,4,200,30,3,10.08580911,31.7618,68.2382,4.592503026,1.65518,,,,10.1016/j.apcatb.2022.122233,,2023
2,Au,0.05,Null,,3.222867846,Co-precipitation,350,4,225,30,3,10.08580911,41.4392,58.5608,5.237871758,3.72311,,,,10.1016/j.apcatb.2022.122233,,2023
2,Au,0.05,Null,,3.222867846,Co-precipitation,350,4,250,30,3,10.08580911,50.3722,49.6278,5.527496058,5.83591,,,,10.1016/j.apcatb.2022.122233,,2023
2,Au,0.05,Null,,3.222867846,Co-precipitation,350,4,275,30,3,10.08580911,71.7122,28.2878,5.623928547,9.41265,,,,10.1016/j.apcatb.2022.122233,,2023
0.4587,Al,2.2568,Zr,0.0413,4.234106505,Co-precipitation,500,5,250,50,3.04,8.29404964,38.5,61.5,5.392262979,25.9,,,,10.1016/j.jcou.2016.01.005,Catalytic performance of spray-dried Cu/ZnO/Al2O3/ZrO2 catalysts for slurry methanol synthesis from CO2 hydrogenation,2016
0.4566,Al,2.8128,Zr,0.0411,4.317488114,Co-precipitation,500,5,250,50,3.04,8.29404964,39.4,60.6,5.350435321,25.2,,,,10.1016/j.jcou.2016.01.005,,2016
0.4525,Al,3.3304,Zr,0.0407,4.356708827,Co-precipitation,500,5,250,50,3.04,8.29404964,41.3,58.7,5.298817242,24.7,,,,10.1016/j.jcou.2016.01.005,,2016
0.4484,Al,4.016,Zr,0.0404,4.406719247,Co-precipitation,500,5,250,50,3.04,8.29404964,42.3,57.7,5.240688254,23.7,,,,10.1016/j.jcou.2016.01.005,,2016
0.4525,Al,4.8868,Zr,0.0407,4.477336814,Co-precipitation,500,5,250,50,3.04,8.29404964,44.8,55.2,5.131672289,22.2,,,,10.1016/j.jcou.2016.01.005,,2016
0.4587,Al,2.2568,Zr,0.0413,4.234106505,Co-precipitation,500,5,220,30,3.04,8.29404964,38.9,61.1,3.60004824,8.5,,,,10.1016/j.jcou.2016.01.005,,2016
0.4566,Al,2.8128,Zr,0.0411,4.317488114,Co-precipitation,500,5,220,30,3.04,8.29404964,36.5,63.5,3.958906591,11.8,,,,10.1016/j.jcou.2016.01.005,,2016
0.4525,Al,3.3304,Zr,0.0407,4.356708827,Co-precipitation,500,5,220,30,3.04,8.29404964,38.3,61.7,4.070734697,13.6,,,,10.1016/j.jcou.2016.01.005,,2016
0.4484,Al,4.016,Zr,0.0404,4.406719247,Co-precipitation,500,5,220,30,3.04,8.29404964,41.8,58.2,3.931825633,12.5,,,,10.1016/j.jcou.2016.01.005,,2016
0.4525,Al,4.8868,Zr,0.0407,4.477336814,Co-precipitation,500,5,220,30,3.04,8.29404964,46.2,53.8,3.490428515,8.6,,,,10.1016/j.jcou.2016.01.005,,2016
0.7319,Zr,0.6616,Null,,5.093750201,Co-precipitation,350,2,200,20,3,9.655026193,30.04296917,65.3151,4.67186666,2.90644,,,,10.1016/j.cej.2017.02.010,CO2 hydrogenation to methanol over CuO–ZnO–ZrO2–SiO2 catalysts: Effects of SiO2 contents,2017
0.7319,Zr,0.6616,Null,,5.093750201,Co-precipitation,350,2,220,20,3,9.655026193,52.18500966,47.7808,5.07568471,5.97586,,,,10.1016/j.cej.2017.02.010,,2017
0.7319,Zr,0.6616,Null,,5.093750201,Co-precipitation,350,2,240,20,3,9.655026193,68.16337482,32,5.270866061,10.8581,,,,10.1016/j.cej.2017.02.010,,2017
0.7319,Zr,0.6616,Null,,5.093750201,Co-precipitation,350,2,260,20,3,9.655026193,86.72460764,14.4658,4.771388648,14.52731,,,,10.1016/j.cej.2017.02.010,,2017
0.7319,Zr,0.6616,Null,,5.093750201,Co-precipitation,350,2,280,20,3,9.655026193,91.58416516,9.20548,4.59071055,19.02298,,,,10.1016/j.cej.2017.02.010,,2017
0.7,Si,0.0001764,Zr,0.6545,5.164785974,Co-precipitation,350,2,200,20,3,9.655026193,25.25559416,69.9178,5.000624905,3.78665,,,,10.1016/j.cej.2017.02.010,,2017
0.7,Si,0.0001764,Zr,0.6545,5.164785974,Co-precipitation,350,2,220,20,3,9.655026193,48.73486062,50.411,5.273504354,6.91083,,,,10.1016/j.cej.2017.02.010,,2017
0.7,Si,0.0001764,Zr,0.6545,5.164785974,Co-precipitation,350,2,240,20,3,9.655026193,65.22752142,34.411,5.425365392,11.79304,,,,10.1016/j.cej.2017.02.010,,2017
0.7,Si,0.0001764,Zr,0.6545,5.164785974,Co-precipitation,350,2,260,20,3,9.655026193,80.58697373,19.2877,5.187276155,16.56247,,,,10.1016/j.cej.2017.02.010,,2017
0.7,Si,0.0001764,Zr,0.6545,5.164785974,Co-precipitation,350,2,280,20,3,9.655026193,91.56156877,9.20548,4.618909527,19.57262,,,,10.1016/j.cej.2017.02.010,,2017
0.7384,Si,0.0004577,Zr,0.6528,5.365976015,Co-precipitation,350,2,200,20,3,9.655026193,29.50983181,70.5753,5.119254147,4.22707,,,,10.1016/j.cej.2017.02.010,,2017
0.7384,Si,0.0004577,Zr,0.6528,5.365976015,Co-precipitation,350,2,220,20,3,9.655026193,45.36206901,54.5753,5.603409784,8.89127,,,,10.1016/j.cej.2017.02.010,,2017
0.7384,Si,0.0004577,Zr,0.6528,5.365976015,Co-precipitation,350,2,240,20,3,9.655026193,62.84593237,37.0411,5.657275867,13.82783,,,,10.1016/j.cej.2017.02.010,,2017
0.7384,Si,0.0004577,Zr,0.6528,5.365976015,Co-precipitation,350,2,260,20,3,9.655026193,76.26179789,23.4521,5.461204742,17.93799,,,,10.1016/j.cej.2017.02.010,,2017
0.7384,Si,0.0004577,Zr,0.6528,5.365976015,Co-precipitation,350,2,280,20,3,9.655026193,90.12195139,10.5205,4.762303109,19.793,,,,10.1016/j.cej.2017.02.010,,2017
0.6948,Si,0.00065172,Zr,0.6782,5.231108617,Co-precipitation,350,2,200,20,3,9.655026193,36.63171573,67.0685,4.820294598,3.291741,,,,10.1016/j.cej.2017.02.010,,2017
0.6948,Si,0.00065172,Zr,0.6782,5.231108617,Co-precipitation,350,2,220,20,3,9.655026193,48.56552528,50.6301,5.397133275,7.79109,,,,10.1016/j.cej.2017.02.010,,2017
0.6948,Si,0.00065172,Zr,0.6782,5.231108617,Co-precipitation,350,2,240,20,3,9.655026193,68.24969124,33.3151,5.464720024,12.67207,,,,10.1016/j.cej.2017.02.010,,2017
0.6948,Si,0.00065172,Zr,0.6782,5.231108617,Co-precipitation,350,2,260,20,3,9.655026193,79.07828661,20.8219,5.333553051,17.77233,,,,10.1016/j.cej.2017.02.010,,2017
0.6948,Si,0.00065172,Zr,0.6782,5.231108617,Co-precipitation,350,2,280,20,3,9.655026193,89.70782947,11.3973,4.884828128,20.67233,,,,10.1016/j.cej.2017.02.010,,2017
0.681,Si,0.001128,Zr,0.6473,4.976733742,Co-precipitation,350,2,200,20,3,9.655026193,38.62893409,65.5342,4.673888766,2.90627,,,,10.1016/j.cej.2017.02.010,,2017
0.681,Si,0.001128,Zr,0.6473,4.976733742,Co-precipitation,350,2,220,20,3,9.655026193,58.38922589,46.6849,5.088485549,6.19543,,,,10.1016/j.cej.2017.02.010,,2017
0.681,Si,0.001128,Zr,0.6473,4.976733742,Co-precipitation,350,2,240,20,3,9.655026193,72.84982573,30.2466,5.244490374,11.18697,,,,10.1016/j.cej.2017.02.010,,2017
0.681,Si,0.001128,Zr,0.6473,4.976733742,Co-precipitation,350,2,260,20,3,9.655026193,82.81515682,20.1644,5.270294976,17.22143,,,,10.1016/j.cej.2017.02.010,,2017
0.681,Si,0.001128,Zr,0.6473,4.976733742,Co-precipitation,350,2,280,20,3,9.655026193,91.45354253,10.3014,4.76319948,20.23226,,,,10.1016/j.cej.2017.02.010,,2017
0.7069,Si,0.0021187,Zr,0.6416,4.804021045,Co-precipitation,350,2,200,20,3,9.655026193,41.7498115,63.3425,4.360855288,2.191054,,,,10.1016/j.cej.2017.02.010,,2017
0.7069,Si,0.0021187,Zr,0.6416,4.804021045,Co-precipitation,350,2,220,20,3,9.655026193,65.55237123,45.3699,4.811007403,4.8207,,,,10.1016/j.cej.2017.02.010,,2017
0.7069,Si,0.0021187,Zr,0.6416,4.804021045,Co-precipitation,350,2,240,20,3,9.655026193,70.11357891,28.9315,4.945662327,8.65836,,,,10.1016/j.cej.2017.02.010,,2017
0.7069,Si,0.0021187,Zr,0.6416,4.804021045,Co-precipitation,350,2,260,20,3,9.655026193,88.60614452,12.274,4.55075279,13.70263,,,,10.1016/j.cej.2017.02.010,,2017
0.7069,Si,0.0021187,Zr,0.6416,4.804021045,Co-precipitation,350,2,280,20,3,9.655026193,92.83705554,7.0137,4.287118076,18.36316,,,,10.1016/j.cej.2017.02.010,,2017
1,Null,,Null,,2.272125886,Mechanical grinding,350,3,250,30,2.88,7.677863501,100,0,0,0.8,,,,10.1007/s11814-017-0278-8,CO2 hydrogenation to methanol over Cu/ZnO catalysts synthesized via a facile solid-phase grinding process using oxalic acid,2018
1,(COOH)2,0.25,Null,,2.694627181,Mechanical grinding,350,3,250,30,2.88,7.677863501,100,0,0,1.8,,,,10.1007/s11814-017-0278-8,,2018
1,(COOH)2,0.5,Null,,3.165475048,Mechanical grinding,350,3,250,30,2.88,7.677863501,92.6,7.4,1.696108279,7.8,,,,10.1007/s11814-017-0278-8,,2018
1,(COOH)2,1,Null,,3.258096538,Mechanical grinding,350,3,250,30,2.88,7.677863501,19.4,80.6,5.095480867,26.1,,,,10.1007/s11814-017-0278-8,,2018
1,(COOH)2,1.5,Null,,3.47506723,Mechanical grinding,350,3,250,30,2.88,7.677863501,16.3,83.7,5.151859355,26.6,,,,10.1007/s11814-017-0278-8,,2018
1,(COOH)2,1.75,Null,,3.642835516,Mechanical grinding,350,3,250,30,2.88,7.677863501,16.4,83.6,5.243412143,29.2,,,,10.1007/s11814-017-0278-8,,2018
1,(COOH)2,2,Null,,3.546739687,Mechanical grinding,350,3,250,30,2.88,7.677863501,18.9,81.1,5.178560706,28.2,,,,10.1007/s11814-017-0278-8,,2018
1,(COOH)2,2.5,Null,,3.471966453,Mechanical grinding,350,3,250,30,2.88,7.677863501,18.3,81.7,5.209103002,28,,,,10.1007/s11814-017-0278-8,,2018
1,(COOH)2,4,Null,,3.394508394,Mechanical grinding,350,3,250,30,2.88,7.677863501,19.3,80.7,5.186143149,27.7,,,,10.1007/s11814-017-0278-8,,2018
0.7901,Null,,Null,,3.492560388,Mechanical grinding,350,3,250,30,2.88,7.677863501,23.14,76.86,5.131910769,27.54,,,,10.1007/s11814-017-0278-8,,2018
0.8037,Null,,Null,,3.559340083,Mechanical grinding,300,3,250,30,2.88,7.677863501,21.35,77.22,5.140878475,27.66,,,,10.1007/s11814-017-0278-8,,2018
0.8037,Null,,Null,,3.587123545,Mechanical grinding,330,3,250,30,2.88,7.677863501,22.54,81.32,5.194471671,27.72,,,,10.1007/s11814-017-0278-8,,2018
0.8037,Null,,Null,,3.642573701,Mechanical grinding,350,3,250,30,2.88,7.677863501,24.42,83.56,5.27391793,29.22,,,,10.1007/s11814-017-0278-8,,2018
0.8037,Null,,Null,,3.520756617,Mechanical grinding,400,3,250,30,2.88,7.677863501,23.15,80.5,5.221022084,28.76,,,,10.1007/s11814-017-0278-8,,2018
0.8037,Null,,Null,,3.642573701,Mechanical grinding,350,1,250,30,2.88,7.677863501,20.26,79.74,5.186374264,28.04,,,,10.1007/s11814-017-0278-9,,2018
0.8037,Null,,Null,,3.642573701,Mechanical grinding,350,2,250,30,2.88,7.677863501,18.32,81.68,5.229947003,28.6,,,,10.1007/s11814-017-0278-10,,2018
0.8037,Null,,Null,,3.642573701,Mechanical grinding,350,4,250,30,2.88,7.677863501,20.54,79.46,5.203931085,28.64,,,,10.1007/s11814-017-0278-11,,2018
1,HCOOH,6,Null,,3.150168627,Mechanical grinding,280,3,250,30,2.88,7.677863501,17.66,82.34,5.331513049,31.42,,,,10.1002/slct.201900860,CO2 Hydrogenation to Methanol via In-situ Reduced Cu/ZnO Catalyst Prepared by Formic acid Assisted Grinding,2019
1,HCOOH,6,Null,,3.292126287,Mechanical grinding,330,3,250,30,2.88,7.677863501,15.7,84.3,5.390399904,32.56,,,,10.1002/slct.201900860,,2019
1,HCOOH,6,Null,,3.278653029,Mechanical grinding,350,3,250,30,2.88,7.677863501,15.72,84.28,5.383415051,32.34,,,,10.1002/slct.201900860,,2019
1,HCOOH,6,Null,,3.294725137,Mechanical grinding,380,3,250,30,2.88,7.677863501,19.7,80.3,5.226127269,28.98,,,,10.1002/slct.201900860,,2019
1,HCOOH,6,Null,,3.264231527,Mechanical grinding,350,1,250,30,2.88,7.677863501,21.1,78.9,5.250636932,30.23,,,,10.1002/slct.201900860,,2019
1,HCOOH,6,Null,,3.361069591,Mechanical grinding,350,2,250,30,2.88,7.677863501,20.77,79.23,5.247523011,30.01,,,,10.1002/slct.201900860,,2019
1,HCOOH,6,Null,,3.209229448,Mechanical grinding,350,4,250,30,2.88,7.677863501,23.39,76.61,5.247320503,31.03,,,,10.1002/slct.201900860,,2019
1,HCOOH,6,Null,,3.292126287,Mechanical grinding,350,3,300,30,2.88,7.677863501,16.7,83.3,5.37852133,32.56,,,,10.1002/slct.201900860,,2019
0,Al,0.015456,Null,,3.76514581,MOF-derived,400,,220,30,2,8.699514748,35.82,64.18,3.531939889,1.81,,,,10.1016/j.fuel.2023.128647,Combined hydrogenation of CO2 and CO to methanol using Aerosol-Assisted Metal-Organic Framework-Derived hybrid catalysts,2023
0.488,Al,0.023176,Null,,3.745259788,MOF-derived,400,,220,30,2,8.699514748,16.05,83.95,4.156420232,2.62,,,,10.1016/j.fuel.2023.128647,,2023
1.004,Al,0.031056,Null,,3.728580821,MOF-derived,400,,220,30,2,8.699514748,18.33,81.67,3.957673552,2.2,,,,10.1016/j.fuel.2023.128647,,2023
2.012,Al,0.04764,Null,,3.713572067,MOF-derived,400,,220,30,2,8.699514748,19.71,80.29,3.812737334,1.93,,,,10.1016/j.fuel.2023.128647,,2023
0.9685,Null,,Null,,1.512927012,MOF-derived,400,,220,30,2,8.699514748,16.13,83.87,3.217389006,1,,,,10.1016/j.fuel.2023.128647,,2023
0.4925,Al,0.023244,Null,,3.805773206,MOF-derived,400,,220,30,2,8.699514748,15.57,84.43,4.240413324,2.837,,,,10.1016/j.fuel.2023.128647,,2023
1.0325,Null,,Null,,3.165475048,Hydrothermal,60,12,240,30,3,9.392661929,28.5,71.5,5.916202063,11.9,,,,10.1039/c9ra00658c,Cylindrical shaped ZnO combined Cu catalysts for the hydrogenation of CO2 to methanol,2019
0.5083,Null,,Null,,3.569532696,Hydrothermal,60,12,240,30,3,9.392661929,35.3,64.7,6.216606101,17.8,,,,10.1039/c9ra00658c,,2019
0.3441,Null,,Null,,3.269568939,Hydrothermal,60,12,240,30,3,9.392661929,45.8,54.2,5.707110265,12.6,,,,10.1039/c9ra00658c,,2019
0.2563,Null,,Null,,3.054001182,Hydrothermal,60,12,240,30,3,9.392661929,51.7,48.3,5.198497031,8.7,,,,10.1039/c9ra00658c,,2019
0.4948,Null,,Null,,3.658420247,Hydrothermal,60,12,240,30,3,9.392661929,50.1,49.9,5.638354669,13.2,,,,10.1039/c9ra00658c,,2019
0.11,Null,,Null,,1.931521412,Decomposition-precipitation,400,3,220,30,3,9.392661929,11.38059701,88.61940299,4.203796696,1.719626168,,,,10.1039/d1cy01836a,Dependence of copper particle size and interface on methanol and CO formation in CO2 hydrogenation over Cu@ZnO catalysts,2022
0.11,Null,,Null,,1.931521412,Decomposition-precipitation,400,3,240,30,3,9.392661929,23.32089552,76.67910448,4.304808445,2.242990654,,,,10.1039/d1cy01836a,,2022
0.11,Null,,Null,,1.931521412,Decomposition-precipitation,400,3,260,30,3,9.392661929,34.70149254,65.29850746,4.469782911,3.140186916,,,,10.1039/d1cy01836a,,2022
0.11,Null,,Null,,1.931521412,Decomposition-precipitation,400,3,280,30,3,9.392661929,50.74626866,49.25373134,4.491276635,4.224299065,,,,10.1039/d1cy01836a,,2022
0.56,Null,,Null,,2.827313622,Decomposition-precipitation,400,3,220,30,3,9.392661929,19.7761194,80.2238806,4.507099083,2.654205607,,,,10.1039/d1cy01836a,,2022
0.56,Null,,Null,,2.827313622,Decomposition-precipitation,400,3,240,30,3,9.392661929,39.55223881,60.44776119,4.666388448,4.14953271,,,,10.1039/d1cy01836a,,2022
0.56,Null,,Null,,2.827313622,Decomposition-precipitation,400,3,260,30,3,9.392661929,50.55970149,49.44029851,4.965044939,6.841121495,,,,10.1039/d1cy01836a,,2022
0.56,Null,,Null,,2.827313622,Decomposition-precipitation,400,3,280,30,3,9.392661929,62.68656716,37.31343284,5.168055224,11.17757009,,,,10.1039/d1cy01836a,,2022
1.11,Null,,Null,,3.144152279,Decomposition-precipitation,400,3,220,30,3,9.392661929,28.91791045,71.08208955,4.458860287,1.719626168,,,,10.1039/d1cy01836a,,2022
1.11,Null,,Null,,3.144152279,Decomposition-precipitation,400,3,240,30,3,9.392661929,44.21641791,55.78358209,4.981459847,2.242990654,,,,10.1039/d1cy01836a,,2022
1.11,Null,,Null,,3.144152279,Decomposition-precipitation,400,3,260,30,3,9.392661929,58.39552239,41.60447761,5.212964093,3.140186916,,,,10.1039/d1cy01836a,,2022
1.11,Null,,Null,,3.144152279,Decomposition-precipitation,400,3,280,30,3,9.392661929,67.53731343,32.46268657,5.411468142,4.224299065,,,,10.1039/d1cy01836a,,2022
0.04,Al,0.6132,Null,,3.629660094,Co-precipitation,400,3,190,30,3,9.210340372,16.9435,83.0565,5.056885976,5.26246,,,,10.1039/d2nj05903g,Design of Cu/ZnO/Al2O3 catalysts with a rich Cu–ZnO interface for enhanced CO2 hydrogenation to methanol using zinc-malachite as the precursor,2023
0.04,Al,0.6132,Null,,3.629660094,Co-precipitation,400,3,210,30,3,9.210340372,30.897,69.103,5.405856363,8.98339,,,,10.1039/d2nj05903g,,2023
0.04,Al,0.6132,Null,,3.629660094,Co-precipitation,400,3,230,30,3,9.210340372,45.8472,54.1528,5.597813528,13.9003,,,,10.1039/d2nj05903g,,2023
0.04,Al,0.6132,Null,,3.629660094,Co-precipitation,400,3,250,30,3,9.210340372,60.1329,39.8671,5.530650405,17.6502,,,,10.1039/d2nj05903g,,2023
0.4133,Al,0.4732,Null,,4.332048265,Co-precipitation,400,3,190,30,3,9.210340372,20.598,79.402,5.467668976,8.31894,,,,10.1039/d2nj05903g,,2023
0.4133,Al,0.4732,Null,,4.332048265,Co-precipitation,400,3,210,30,3,9.210340372,35.2159,64.7841,5.790654965,14.0997,,,,10.1039/d2nj05903g,,2023
0.4133,Al,0.4732,Null,,4.332048265,Co-precipitation,400,3,230,30,3,9.210340372,42.87,54.8173,5.993008647,20.412,,,,10.1039/d2nj05903g,,2023
0.4133,Al,0.4732,Null,,4.332048265,Co-precipitation,400,3,250,30,3,9.210340372,51.25,46.1794,5.935405544,22.8704,,,,10.1039/d2nj05903g,,2023
0.4233,Al,0.52,Null,,4.06731589,Co-precipitation,400,3,190,30,3,9.210340372,19.6667,80.3333,5.359710288,7.37748,,,,10.1039/d2nj05903g,,2023
0.4233,Al,0.52,Null,,4.06731589,Co-precipitation,400,3,210,30,3,9.210340372,35.6667,64.3333,5.677556738,12.6755,,,,10.1039/d2nj05903g,,2023
0.4233,Al,0.52,Null,,4.06731589,Co-precipitation,400,3,230,30,3,9.210340372,47.3333,52.6667,5.87985841,18.9669,,,,10.1039/d2nj05903g,,2023
0.4233,Al,0.52,Null,,4.06731589,Co-precipitation,400,3,250,30,3,9.210340372,53.77,44,5.871556666,22.5146,,,,10.1039/d2nj05903g,,2023
0.362,Al,0.34676,Null,,4.356708827,Co-precipitation,320,3,250,50,8,8.699514748,0.19,99.81,6.345408265,15.58,,,,10.1016/j.mcat.2020.110776,Effect of In2O3 on the structural properties and catalytic performance of the CuO/ZnO/Al2O3 catalyst in CO2 and CO hydrogenation to methanol,2020
0.362,Al,0.23116,In,0.02122,4.584967479,Co-precipitation,320,3,250,50,8,8.699514748,0.66,99.34,6.174910472,15.24,,,,10.1016/j.mcat.2020.110776,,2020
0.362,Al,0.1156,In,0.04244,4.143134726,Co-precipitation,320,3,250,50,8,8.699514748,0.28,99.72,5.665041646,14.98,,,,10.1016/j.mcat.2020.110776,,2020
0.362,Null,,In,0.06368,4.158883083,Co-precipitation,320,3,250,50,8,8.699514748,0.25,99.75,5.268991537,13.99,,,,10.1016/j.mcat.2020.110776,,2020
0.3124,Al,1.496,Null,,4.875197323,Co-precipitation,300,2,200,50,3,9.655026193,21.7674,78.2326,2.29714396,6.71,,,,10.1016/j.jcat.2022.01.035,Effect of surface basicity over the supported Cu-ZnO catalysts on hydrogenation of CO2 to methanol,2022
0.3124,Al,1.496,Null,,4.875197323,Co-precipitation,300,2,220,50,3,9.655026193,30.9767,69.0233,5.712159691,8.29,,,,10.1016/j.jcat.2022.01.035,,2022
0.3124,Al,1.496,Null,,4.875197323,Co-precipitation,300,2,240,50,3,9.655026193,43.9535,56.0465,5.714892621,10.15,,,,10.1016/j.jcat.2022.01.035,,2022
0.3124,Al,1.496,Null,,4.875197323,Co-precipitation,300,2,260,50,3,9.655026193,61.7442,38.2558,5.60235221,13.82,,,,10.1016/j.jcat.2022.01.035,,2022
0.3124,Al,1.496,Null,,4.875197323,Co-precipitation,300,2,280,50,3,9.655026193,73.14,19.17,5.211152067,18.73,,,,10.1016/j.jcat.2022.01.035,,2022
0.3124,Al,0.748,Mg,0.4731,5.257495372,Co-precipitation,300,2,200,50,3,9.655026193,12.7674,87.2326,5.898846786,8.2,,,,10.1016/j.jcat.2022.01.035,,2022
0.3124,Al,0.748,Mg,0.4731,5.257495372,Co-precipitation,300,2,220,50,3,9.655026193,24.0698,75.9302,6.075320369,11.01,,,,10.1016/j.jcat.2022.01.035,,2022
0.3124,Al,0.748,Mg,0.4731,5.257495372,Co-precipitation,300,2,240,50,3,9.655026193,35.7907,64.2093,6.171424791,14.76,,,,10.1016/j.jcat.2022.01.035,,2022
0.3124,Al,0.748,Mg,0.4731,5.257495372,Co-precipitation,300,2,260,50,3,9.655026193,51.6977,48.3023,6.109005693,18,,,,10.1016/j.jcat.2022.01.035,,2022
0.3124,Al,0.748,Mg,0.4731,5.257495372,Co-precipitation,300,2,280,50,3,9.655026193,70.7442,29.2558,5.82829698,22.69,,,,10.1016/j.jcat.2022.01.035,,2022
0.3124,Mg,0.9461,Null,,4.718498871,Co-precipitation,300,2,200,50,3,9.655026193,9.2093,90.7907,5.878199488,7.45,,,,10.1016/j.jcat.2022.01.035,,2022
0.3124,Mg,0.9461,Null,,4.718498871,Co-precipitation,300,2,220,50,3,9.655026193,15.907,84.093,6.050266442,9.92,,,,10.1016/j.jcat.2022.01.035,,2022
0.3124,Mg,0.9461,Null,,4.718498871,Co-precipitation,300,2,240,50,3,9.655026193,25.08,71.9535,6.15749718,12.63,,,,10.1016/j.jcat.2022.01.035,,2022
0.3124,Mg,0.9461,Null,,4.718498871,Co-precipitation,300,2,260,50,3,9.655026193,44.7907,55.2093,6.159248777,16.6,,,,10.1016/j.jcat.2022.01.035,,2022
0.3124,Mg,0.9461,Null,,4.718498871,Co-precipitation,300,2,280,50,3,9.655026193,58.02,36.38,5.975318621,21.24,,,,10.1016/j.jcat.2022.01.035,,2022
0.25,Mn,0.08333,m_Si,1.667,5.579729826,Impregnation,300,4,200,40,3,11.00209984,6.8,93.2,5.978885765,11.2,,,,10.1016/j.mtchem.2021.100489,Effect of synthesis method on the ultimate properties of copper-based catalysts supported on KIT-6 for direct CO2 hydrogenation to methanol,2021
0.25,Mn,0.08333,m_Si,1.667,5.068904202,Decomposition-precipitation,300,4,200,40,3,11.00209984,2.6,97.4,5.429345629,11.2,,,,10.1016/j.mtchem.2021.100489,,2021
0.25,Mn,0.08333,m_Si,1.667,5.267858159,Impregnation,300,4,200,40,3,11.00209984,2.9,97.1,5.683579767,14.5,,,,10.1016/j.mtchem.2021.100489,,2021
0.4313,Al,1.5664,Null,,4.836281907,Co-precipitation,400,2,200,30,3,8.699514748,29.7814,70.2186,4.196015,4.34783,,,,10.1007/s40242-016-6130-6,Effect of Zr addition on catalytic performance of Cu-Zn-Al oxides for CO2 hydrogenation to methanol,2016
0.4313,Al,1.5664,Null,,4.836281907,Co-precipitation,400,2,220,30,3,8.699514748,56.5574,43.4426,4.376613438,8.4399,,,,10.1007/s40242-016-6130-6,,2016
0.4313,Al,1.5664,Null,,4.836281907,Co-precipitation,400,2,240,30,3,8.699514748,59.2896,40.7104,4.719478138,12.7366,,,,10.1007/s40242-016-6130-6,,2016
0.4313,Al,1.5664,Null,,4.836281907,Co-precipitation,400,2,260,30,3,8.699514748,73.4973,26.5027,4.605755753,17.4425,,,,10.1007/s40242-016-6130-6,,2016
0.4589,Al,1.0712,Zr,0.09168,4.787491743,Co-precipitation,400,2,200,30,3,8.699514748,20.2186,79.7814,4.695331321,6.34271,,,,10.1007/s40242-016-6130-6,,2016
0.4589,Al,1.0712,Zr,0.09168,4.787491743,Co-precipitation,400,2,220,30,3,8.699514748,43.1694,56.8306,4.787297794,9.76982,,,,10.1007/s40242-016-6130-6,,2016
0.4589,Al,1.0712,Zr,0.09168,4.787491743,Co-precipitation,400,2,240,30,3,8.699514748,54.918,45.082,4.999974978,15.2591,,,,10.1007/s40242-016-6130-6,,2016
0.4589,Al,1.0712,Zr,0.09168,4.787491743,Co-precipitation,400,2,260,30,3,8.699514748,65.0273,34.9727,4.958989889,18.8747,,,,10.1007/s40242-016-6130-6,,2016
0.4918,Al,0.7656,Zr,0.189,4.820281566,Co-precipitation,400,2,200,30,3,8.699514748,18.8525,81.1475,4.781615205,6.80307,,,,10.1007/s40242-016-6130-6,,2016
0.4918,Al,0.7656,Zr,0.189,4.820281566,Co-precipitation,400,2,220,30,3,8.699514748,40.7104,59.2896,4.865024391,10.1279,,,,10.1007/s40242-016-6130-6,,2016
0.4918,Al,0.7656,Zr,0.189,4.820281566,Co-precipitation,400,2,240,30,3,8.699514748,55.1913,44.8087,4.948589504,14.578,,,,10.1007/s40242-016-6130-6,,2016
0.4918,Al,0.7656,Zr,0.189,4.820281566,Co-precipitation,400,2,260,30,3,8.699514748,65.3005,34.6995,4.951202678,18.8747,,,,10.1007/s40242-016-6130-6,,2016
0.4534,Al,0.3008,Zr,0.2787,4.828313737,Co-precipitation,400,2,200,30,3,8.699514748,22.08,77.92,4.742385784,6.81,,,,10.1007/s40242-016-6130-6,,2016
0.4534,Al,0.3008,Zr,0.2787,4.828313737,Co-precipitation,400,2,220,30,3,8.699514748,47.73,52.27,4.805591357,10.82,,,,10.1007/s40242-016-6130-6,,2016
0.4534,Al,0.3008,Zr,0.2787,4.828313737,Co-precipitation,400,2,240,30,3,8.699514748,69.16,30.84,4.673460144,16.05,,,,10.1007/s40242-016-6130-6,,2016
0.4534,Al,0.3008,Zr,0.2787,4.828313737,Co-precipitation,400,2,260,30,3,8.699514748,69.48,30.52,4.749403854,17.51,,,,10.1007/s40242-016-6130-6,,2016
0.4929,Zr,0.373,Null,,4.59511985,Co-precipitation,400,2,200,30,3,8.699514748,23.8579,76.1421,2.824774403,0.971867,,,,10.1007/s40242-016-6130-6,,2016
0.4929,Zr,0.373,Null,,4.59511985,Co-precipitation,400,2,220,30,3,8.699514748,61.4754,38.5246,3.911676006,5.9335,,,,10.1007/s40242-016-6130-6,,2016
0.4929,Zr,0.373,Null,,4.59511985,Co-precipitation,400,2,240,30,3,8.699514748,84.153,15.847,3.510991179,9.56522,,,,10.1007/s40242-016-6130-6,,2016
0.4929,Zr,0.373,Null,,4.59511985,Co-precipitation,400,2,260,30,3,8.699514748,89.8907,10.1093,3.420526574,13.6573,,,,10.1007/s40242-016-6130-6,,2016
0.7295,Zr,0.6433,Null,,4.820281566,Reverse co-precipitation,350,2,200,20,3,9.655026193,26.81,73.19,4.78927327,3.82,,,,10.1016/j.cej.2017.11.117,"Enhanced activity, selectivity and stability of a CuO-ZnO-ZrO2 catalyst by adding graphene oxide for CO2 hydrogenation to methanol",2018
0.7295,Zr,0.6433,Null,,4.820281566,Reverse co-precipitation,350,2,220,20,3,9.655026193,45.41,54.59,5.177283967,7.53,,,,10.1016/j.cej.2017.11.117,,2018
0.7295,Zr,0.6433,Null,,4.820281566,Reverse co-precipitation,350,2,240,20,3,9.655026193,58.36,41.64,5.295671949,13.49,,,,10.1016/j.cej.2017.11.117,,2018
0.7295,Zr,0.6433,Null,,4.820281566,Reverse co-precipitation,350,2,260,20,3,9.655026193,81.41,18.59,4.805487504,16.26,,,,10.1016/j.cej.2017.11.117,,2018
0.7295,Zr,0.6433,Null,,4.820281566,Reverse co-precipitation,350,2,280,20,3,9.655026193,92.8,7.2,4.157039135,24.05,,,,10.1016/j.cej.2017.11.117,,2018
0.7362,Zr,0.6742,GO,0.03217,4.912654886,Reverse co-precipitation,350,2,200,20,3,9.655026193,25.85,74.15,5.162387592,4.29,,,,10.1016/j.cej.2017.11.117,,2018
0.7362,Zr,0.6742,GO,0.03217,4.912654886,Reverse co-precipitation,350,2,220,20,3,9.655026193,44.31,55.69,5.444872209,9.11,,,,10.1016/j.cej.2017.11.117,,2018
0.7362,Zr,0.6742,GO,0.03217,4.912654886,Reverse co-precipitation,350,2,240,20,3,9.655026193,57.89,42.11,5.562175308,15.29,,,,10.1016/j.cej.2017.11.117,,2018
0.7362,Zr,0.6742,GO,0.03217,4.912654886,Reverse co-precipitation,350,2,260,20,3,9.655026193,80.69,19.31,5.302218046,21.55,,,,10.1016/j.cej.2017.11.117,,2018
0.7362,Zr,0.6742,GO,0.03217,4.912654886,Reverse co-precipitation,350,2,280,20,3,9.655026193,90.41,9.59,4.28217011,24.63,,,,10.1016/j.cej.2017.11.117,,2018
0.7472,Zr,0.6763,GO,0.05332,4.976733742,Reverse co-precipitation,350,2,200,20,3,9.655026193,23.08,76.92,5.162387592,4.29,,,,10.1016/j.cej.2017.11.117,,2018
0.7472,Zr,0.6763,GO,0.05332,4.976733742,Reverse co-precipitation,350,2,220,20,3,9.655026193,42.79,57.21,5.564687704,9.11,,,,10.1016/j.cej.2017.11.117,,2018
0.7472,Zr,0.6763,GO,0.05332,4.976733742,Reverse co-precipitation,350,2,240,20,3,9.655026193,55.89,44.11,5.618421185,15.29,,,,10.1016/j.cej.2017.11.117,,2018
0.7472,Zr,0.6763,GO,0.05332,4.976733742,Reverse co-precipitation,350,2,260,20,3,9.655026193,76.5,23.5,5.486426365,21.76,,,,10.1016/j.cej.2017.11.117,,2018
0.7472,Zr,0.6763,GO,0.05332,4.976733742,Reverse co-precipitation,350,2,280,20,3,9.655026193,90.5,9.5,4.63013968,24.63,,,,10.1016/j.cej.2017.11.117,,2018
0.7626,Zr,0.6816,GO,0.1372,4.852030264,Reverse co-precipitation,350,2,200,20,3,9.655026193,26.81,73.19,5.139618514,4.29,,,,10.1016/j.cej.2017.11.117,,2018
0.7626,Zr,0.6816,GO,0.1372,4.852030264,Reverse co-precipitation,350,2,220,20,3,9.655026193,45.41,54.59,5.472765946,9.11,,,,10.1016/j.cej.2017.11.117,,2018
0.7626,Zr,0.6816,GO,0.1372,4.852030264,Reverse co-precipitation,350,2,240,20,3,9.655026193,58.36,41.64,5.528926431,15.29,,,,10.1016/j.cej.2017.11.117,,2018
0.7626,Zr,0.6816,GO,0.1372,4.852030264,Reverse co-precipitation,350,2,260,20,3,9.655026193,84.41,15.59,5.295671949,21.76,,,,10.1016/j.cej.2017.11.117,,2018
0.7626,Zr,0.6816,GO,0.1372,4.852030264,Reverse co-precipitation,350,2,280,20,3,9.655026193,92.8,7.2,4.335033436,24.69,,,,10.1016/j.cej.2017.11.117,,2018
0.7575,Zr,0.6727,GO,0.1912,4.65396035,Reverse co-precipitation,350,2,200,20,3,9.655026193,26.81,73.19,4.610787567,2.92,,,,10.1016/j.cej.2017.11.117,,2018
0.7575,Zr,0.6727,GO,0.1912,4.65396035,Reverse co-precipitation,350,2,220,20,3,9.655026193,45.19,54.81,5.162387592,6.3,,,,10.1016/j.cej.2017.11.117,,2018
0.7575,Zr,0.6727,GO,0.1912,4.65396035,Reverse co-precipitation,350,2,240,20,3,9.655026193,55.89,44.11,5.265672366,11.4,,,,10.1016/j.cej.2017.11.117,,2018
0.7575,Zr,0.6727,GO,0.1912,4.65396035,Reverse co-precipitation,350,2,260,20,3,9.655026193,80.93,19.07,4.744704269,17.52,,,,10.1016/j.cej.2017.11.117,,2018
0.7575,Zr,0.6727,GO,0.1912,4.65396035,Reverse co-precipitation,350,2,280,20,3,9.655026193,89.8,10.2,4.536442407,22.01,,,,10.1016/j.cej.2017.11.117,,2018
0.784,Zr,0.6697,GO,0.4648,4.553876892,Reverse co-precipitation,350,2,200,20,3,9.655026193,25.85,74.15,4.463697174,2.18,,,,10.1016/j.cej.2017.11.117,,2018
0.784,Zr,0.6697,GO,0.4648,4.553876892,Reverse co-precipitation,350,2,220,20,3,9.655026193,44.31,55.69,4.877860529,4.95,,,,10.1016/j.cej.2017.11.117,,2018
0.784,Zr,0.6697,GO,0.4648,4.553876892,Reverse co-precipitation,350,2,240,20,3,9.655026193,54.89,45.11,5.206427096,7.99,,,,10.1016/j.cej.2017.11.117,,2018
0.784,Zr,0.6697,GO,0.4648,4.553876892,Reverse co-precipitation,350,2,260,20,3,9.655026193,82.69,17.31,4.940675018,15.86,,,,10.1016/j.cej.2017.11.117,,2018
0.784,Zr,0.6697,GO,0.4648,4.553876892,Reverse co-precipitation,350,2,280,20,3,9.655026193,90.5,9.5,4.45612291,21.67,,,,10.1016/j.cej.2017.11.117,,2018
0.4286,Al,0.9524,a_SiO2,0.01428,4.543294782,Mechanical grinding,330,3,180,43,5,7.60090246,8.2,91.6,4.826513352,4.7294,,,,10.1016/j.apcatb.2023.123099,Enhancing methanol selectivity of commercial Cu/ZnO/Al2O3 catalyst in CO2 hydrogenation by surface silylation,2023
0.4286,Al,0.9524,a_SiO2,0.01428,4.543294782,Mechanical grinding,330,3,210,43,5,7.60090246,17.4,82.6,5.267618955,8.176,,,,10.1016/j.apcatb.2023.123099,,2023
0.4286,Al,0.9524,a_SiO2,0.01428,4.543294782,Mechanical grinding,330,3,225,43,5,7.60090246,26.6,73.2,5.337755144,9.8997,,,,10.1016/j.apcatb.2023.123099,,2023
0.4286,Al,0.9524,a_SiO2,0.01428,4.543294782,Mechanical grinding,330,3,245,43,5,7.60090246,35.6,63.4,5.480057111,13.1863,,,,10.1016/j.apcatb.2023.123099,,2023
26,ZrO2/S,20,Null,,4.543294782,Co-precipitation,500,3,230,45,3,9.287301413,13.7978,86.2022,2.671618219,0.40492,,,,10.1016/j.jcat.2020.11.039,,2021
26,ZrO2/S,20,Null,,4.543294782,Co-precipitation,500,3,260.287,45,3,9.287301413,18.5246,81.4754,4.649085532,3.29309,,,,10.1016/j.jcat.2020.11.039,,2021
26,ZrO2/S,20,Null,,4.543294782,Co-precipitation,500,3,290.164,45,3,9.287301413,22.6958,77.3042,5.629811232,9.31034,,,,10.1016/j.jcat.2020.11.039,,2021
26,ZrO2/S,20,Null,,4.564348191,Co-precipitation,500,3,299.822,45,3,9.287301413,25.2823,74.7177,5.754964006,10.9215,,,,10.1016/j.jcat.2020.11.039,,2021
26,ZrO2/S,20,Null,,4.564348191,Co-precipitation,500,3,310,45,3,9.287301413,32.8689,67.1311,5.796419033,12.6719,,,,10.1016/j.jcat.2020.11.039,,2021
26,ZrO2/S,20,Null,,4.564348191,Co-precipitation,500,3,319.63,45,3,9.287301413,41.8534,58.1466,5.757864944,14.0749,,,,10.1016/j.jcat.2020.11.039,,2021
26,ZrO2/S,20,Null,,4.564348191,Co-precipitation,500,3,330,45,3,9.287301413,54.7222,45.2778,5.629746425,15.8948,,,,10.1016/j.jcat.2020.11.039,,2021
13,ZrO2/S,20,Null,,4.564348191,Co-precipitation,500,3,230.215,45,3,9.287301413,16.5756,83.4244,2.791422903,0.475611,,,,10.1016/j.jcat.2020.11.039,,2021
13,ZrO2/S,20,Null,,4.564348191,Co-precipitation,500,3,260,45,3,9.287301413,23.7933,73.2067,4.583772478,3.43108,,,,10.1016/j.jcat.2020.11.039,,2021
13,ZrO2/S,20,Null,,4.564348191,Co-precipitation,500,3,289.587,45,3,9.287301413,30.6311,69.3689,5.667055206,10.7705,,,,10.1016/j.jcat.2020.11.039,,2021
13,ZrO2/S,20,Null,,4.762173935,Co-precipitation,500,3,299.75,45,3,9.287301413,35.8379,64.1621,5.70563128,12.1041,,,,10.1016/j.jcat.2020.11.039,,2021
13,ZrO2/S,20,Null,,4.762173935,Co-precipitation,500,3,309.391,45,3,9.287301413,44.5401,55.4599,5.704929863,13.9935,,,,10.1016/j.jcat.2020.11.039,,2021
13,ZrO2/S,20,Null,,4.762173935,Co-precipitation,500,3,319.515,45,3,9.287301413,51.6913,48.3087,5.697964875,15.9531,,,,10.1016/j.jcat.2020.11.039,,2021
13,ZrO2/S,20,Null,,4.762173935,Co-precipitation,500,3,329.631,45,3,9.287301413,66.1111,33.8889,5.467898037,18.0517,,,,10.1016/j.jcat.2020.11.039,,2021
6.5,ZrO2/S,20,Null,,4.762173935,Co-precipitation,500,3,230,45,3,9.287301413,27.6821,72.3179,3.394678403,1.03266,,,,10.1016/j.jcat.2020.11.039,,2021
6.5,ZrO2/S,20,Null,,4.762173935,Co-precipitation,500,3,260.202,45,3,9.287301413,34.3488,65.6512,4.784306916,4.68429,,,,10.1016/j.jcat.2020.11.039,,2021
6.5,ZrO2/S,20,Null,,6.102558595,Co-precipitation,500,3,290,45,3,9.287301413,43.7933,56.2067,5.589792819,12.3009,,,,10.1016/j.jcat.2020.11.039,,2021
6.5,ZrO2/S,20,Null,,6.070737728,Co-precipitation,500,3,299.606,45,3,9.287301413,47.5,52.5,5.683577301,14.4691,,,,10.1016/j.jcat.2020.11.039,,2021
6.5,ZrO2/S,20,Null,,6.089044875,Co-precipitation,500,3,310,45,3,9.287301413,52.5956,47.4044,5.70837354,16.4281,,,,10.1016/j.jcat.2020.11.039,,2021
6.5,ZrO2/S,20,Null,,5.783825182,Co-precipitation,500,3,320,45,3,9.287301413,59.0756,40.9244,5.681699999,18.5268,,,,10.1016/j.jcat.2020.11.039,,2021
0.9231,Null,,SiO2/S,20,2.928523524,Impregnation,300,1,250,30,3,10.69194491,72.26,27.74,5.070789217,8.9,,,,10.1016/j.apcatb.2019.117941,Highly efficient CuO/ZnO/ZrO2@SBA-15 nanocatalysts for methanol synthesis from the catalytic hydrogenation of CO2,2019
0.9124,Zr,0.7919,SiO2/S,20,2.928523524,Impregnation,300,1,250,30,3,10.69194491,69.4,30.6,5.932510404,19.2,,,,10.1016/j.apcatb.2019.117941,,2019
0.4731,Zr,0.6381,SiO2/S,20,2.928523524,Impregnation,300,1,250,30,3,10.69194491,73.63,26.37,5.784747833,19.1,,,,10.1016/j.apcatb.2019.117941,,2019
0.4871,Zr,0.6699,SiO2/S,20,2.928523524,Impregnation,300,1,250,30,3,10.69194491,75.65,24.35,5.526249435,16,,,,10.1016/j.apcatb.2019.117941,,2019
1,Null,,Null,,3.18221184,Decomposition-precipitation,50,12,230,45,3,9.287301413,37.6309,62.3691,3.401197382,1.17284,,,,10.1016/j.jcat.2017.12.029,Hydrogen spillover enabled active Cu sites for methanol synthesis from CO2 hydrogenation over Pd doped CuZn catalysts,2018
1,Null,,Null,,3.18221184,Decomposition-precipitation,50,12,250,45,3,9.287301413,40.9366,59.0634,3.931825633,2.19136,,,,10.1016/j.jcat.2017.12.029,,2018
1,Null,,Null,,3.18221184,Decomposition-precipitation,50,12,270,45,3,9.287301413,47.7686,52.2314,4.436751534,4.19753,,,,10.1016/j.jcat.2017.12.029,,2018
1,Null,,Null,,3.18221184,Decomposition-precipitation,50,12,290,45,3,9.287301413,59.449,40.551,4.658710953,6.69753,,,,10.1016/j.jcat.2017.12.029,,2018
1,Pd,0.005,Null,,2.901421594,Decomposition-precipitation,50,12,230,45,3,9.287301413,30.7989,69.2011,3.688879454,1.51235,,,,10.1016/j.jcat.2017.12.029,,2018
1,Pd,0.005,Null,,2.901421594,Decomposition-precipitation,50,12,250,45,3,9.287301413,37.1901,62.8099,4.17438727,2.59259,,,,10.1016/j.jcat.2017.12.029,,2018
1,Pd,0.005,Null,,2.901421594,Decomposition-precipitation,50,12,270,45,3,9.287301413,38.5124,61.4876,4.590056548,4.10494,,,,10.1016/j.jcat.2017.12.029,,2018
1,Pd,0.005,Null,,2.901421594,Decomposition-precipitation,50,12,290,45,3,9.287301413,45.7851,54.2149,4.757891273,5.49383,,,,10.1016/j.jcat.2017.12.029,,2018
1,Pd,0.01,Null,,2.975529566,Decomposition-precipitation,50,12,230,45,3,9.287301413,22.2039,77.7961,4.787491743,3.08642,,,,10.1016/j.jcat.2017.12.029,,2018
1,Pd,0.01,Null,,2.975529566,Decomposition-precipitation,50,12,250,45,3,9.287301413,26.832,73.168,5.105945474,5.80247,,,,10.1016/j.jcat.2017.12.029,,2018
1,Pd,0.01,Null,,2.975529566,Decomposition-precipitation,50,12,270,45,3,9.287301413,35.6474,64.3526,5.33513134,8.30247,,,,10.1016/j.jcat.2017.12.029,,2018
1,Pd,0.01,Null,,2.975529566,Decomposition-precipitation,50,12,290,45,3,9.287301413,48.8705,51.1295,5.293304825,10,,,,10.1016/j.jcat.2017.12.029,,2018
1,Pd,0.02,Null,,2.985681938,Decomposition-precipitation,50,12,230,45,3,9.287301413,22.4242,77.5758,4.33073334,2.5,,,,10.1016/j.jcat.2017.12.029,,2018
1,Pd,0.02,Null,,2.985681938,Decomposition-precipitation,50,12,250,45,3,9.287301413,30.7989,69.2011,4.828313737,4.69136,,,,10.1016/j.jcat.2017.12.029,,2018
1,Pd,0.02,Null,,2.985681938,Decomposition-precipitation,50,12,270,45,3,9.287301413,38.5124,61.4876,5.117993812,7.00617,,,,10.1016/j.jcat.2017.12.029,,2018
1,Pd,0.02,Null,,2.985681938,Decomposition-precipitation,50,12,290,45,3,9.287301413,45.7851,54.2149,5.212214667,8.7963,,,,10.1016/j.jcat.2017.12.029,,2018
1,Pd,0.03,Null,,2.990719732,Decomposition-precipitation,50,12,230,45,3,9.287301413,22.2039,77.7961,3.912023005,1.69753,,,,10.1016/j.jcat.2017.12.029,,2018
1,Pd,0.03,Null,,2.990719732,Decomposition-precipitation,50,12,250,45,3,9.287301413,28.1543,71.8457,4.610157727,3.58025,,,,10.1016/j.jcat.2017.12.029,,2018
1,Pd,0.03,Null,,2.990719732,Decomposition-precipitation,50,12,270,45,3,9.287301413,31.4601,68.5399,4.993828176,5.58642,,,,10.1016/j.jcat.2017.12.029,,2018
1,Pd,0.03,Null,,2.990719732,Decomposition-precipitation,50,12,290,45,3,9.287301413,36.3085,63.6915,5.123963979,6.79012,,,,10.1016/j.jcat.2017.12.029,,2018
1,Pd,0.04,Null,,3.94931879,Decomposition-precipitation,50,12,230,45,3,9.287301413,26.832,73.168,3.583518938,1.2963,,,,10.1016/j.jcat.2017.12.029,,2018
1,Pd,0.04,Null,,3.696351469,Decomposition-precipitation,50,12,250,45,3,9.287301413,28.3747,71.6253,4.412798293,2.99383,,,,10.1016/j.jcat.2017.12.029,,2018
1,Pd,0.04,Null,,4.182050143,Decomposition-precipitation,50,12,270,45,3,9.287301413,29.4766,70.5234,4.80811103,4.47531,,,,10.1016/j.jcat.2017.12.029,,2018
1,Pd,0.04,Null,,4.028916757,Decomposition-precipitation,50,12,290,45,3,9.287301413,31.2397,68.7603,5.030437921,5.7716,,,,10.1016/j.jcat.2017.12.029,,2018
0.1111,Null,,Null,,3.852273001,Microemulsion,350,2,250,20,3,8.188689124,72.1,27.9,3.2821135,7.5,,,,10.1007/s11144-020-01919-0,Inverse ZnO/Cu catalysts for methanol synthesis from CO2 hydrogenation,2021
0.25,Null,,Null,,2.708050201,Microemulsion,350,2,250,20,3,8.188689124,65.7,34.3,3.59027385,8,,,,10.1007/s11144-020-01919-0,,2021
0.4286,Null,,Null,,0.693147181,Microemulsion,350,2,250,20,3,8.188689124,58.3,41.7,3.753074166,8.3,,,,10.1007/s11144-020-01919-0,,2021
0.6667,Null,,Null,,3.737669618,Microemulsion,350,2,250,20,3,8.188689124,40.8,59.2,4.223675479,8.9,,,,10.1007/s11144-020-01919-0,,2021
1,Null,,Null,,2.944438979,Microemulsion,350,2,250,20,3,8.188689124,59.9,40.1,3.825484244,8.4,,,,10.1007/s11144-020-01919-0,,2021
1.5,Null,,Null,,1.945910149,Microemulsion,350,2,250,20,3,8.188689124,65.7,34.3,4.071962611,13.5,,,,10.1007/s11144-020-01919-0,,2021
2.5,Null,,Null,,1.791759469,Impregnation,500,2,210,30,3,8.188689124,31.8291,68.1709,2.302585093,1.05263,,,,10.1007/s11164-023-05063-x,Optimizing interfacial interaction between Cu and metal oxides boosts methanol yield in CO2 hydrogenation,2023
2.5,Null,,Null,,1.945910149,Impregnation,500,2,210,30,3,8.188689124,27.0723,72.9277,3.36729583,3.10526,,,,10.1007/s11164-023-05063-x,,2023
2.5,Null,,Null,,1.945910149,Co-precipitation,500,2,210,30,3,8.188689124,29.7157,70.2843,3.691376334,4.5,,,,10.1007/s11164-023-05063-x,,2023
2.5,Null,,Null,,1.945910149,Impregnation,500,2,210,30,3,8.188689124,28.4218,71.5782,4.100989105,6.71053,,,,10.1007/s11164-023-05063-x,,2023
2.5,Null,,Null,,1.945910149,Impregnation,500,2,210,30,3,8.188689124,20.0798,79.9202,4.409155302,8.23684,,,,10.1007/s11164-023-05063-x,,2023
2.5,Null,,Null,,1.945910149,Impregnation,500,2,210,30,3,8.188689124,28.4746,71.5254,4.283586562,8.10526,,,,10.1007/s11164-023-05063-x,,2023
2.5,Null,,Null,,1.945910149,Impregnation,500,2,190,30,3,8.188689124,83.7545,16.2455,2.30488579,4.31452,,,,10.1007/s11164-023-05063-x,,2023
2.5,Null,,Null,,1.945910149,Impregnation,500,2,230,30,3,8.188689124,50.9025,49.0975,4.075420961,9.15686,,,,10.1007/s11164-023-05063-x,,2023
2.5,Null,,Null,,1.945910149,Impregnation,500,2,250,30,3,8.188689124,34.296,65.704,4.693978962,12.8026,,,,10.1007/s11164-023-05063-x,,2023
2.5,Null,,Null,,1.945910149,Impregnation,500,2,270,30,3,8.188689124,26.7148,73.2852,5.143525443,18.0534,,,,10.1007/s11164-023-05063-x,,2023
2.5,Null,,Null,,1.945910149,Impregnation,500,2,290,30,3,8.188689124,24.5487,75.4513,5.351591481,21.6147,,,,10.1007/s11164-023-05063-x,,2023
2.5,Null,,Null,,6.882334902,Impregnation,500,2,210,30,3,7.783224016,36.1011,63.8989,3.994155835,10.2219,,,,10.1007/s11164-023-05063-x,,2023
2.5,Null,,Null,,6.882334902,Impregnation,500,2,210,30,3,8.699514748,18.4116,81.5884,4.901787222,7.99938,,,,10.1007/s11164-023-05063-x,,2023
2.5,Null,,Null,,6.882334902,Impregnation,500,2,210,30,3,9.035986985,16.2455,83.7545,5.146738377,6.71,,,,10.1007/s11164-023-05063-x,,2023
2.5,Null,,Null,,6.882334902,Impregnation,500,2,210,30,3,9.287301413,15.1625,84.8375,4.996130608,4.59052,,,,10.1007/s11164-023-05063-x,,2023
2.5,Null,,Null,,6.882334902,Impregnation,500,2,210,30,3,9.574983486,5.7762,94.2238,4.705015521,2.32118,,,,10.1007/s11164-023-05063-x,,2023
0.75,Null,,Null,,3.058707073,Co-precipitation,450,4,220,40,3,7.313220387,41.6317,58.3683,3.150603739,6.79769,,,,10.1016/j.matchemphys.2018.05.028,Preparation of novel bimetallic CuZn-BTC coordination polymer nanorod for methanol synthesis from CO2 hydrogenation,2018
0.75,Null,,Null,,3.058707073,Co-precipitation,450,4,230,40,3,7.313220387,44.2153,55.7847,3.464552237,11.1069,,,,10.1016/j.matchemphys.2018.05.028,,2018
0.75,Null,,Null,,3.058707073,Co-precipitation,450,4,240,40,3,7.313220387,49.4164,50.5836,3.431949922,13.7168,,,,10.1016/j.matchemphys.2018.05.028,,2018
0.75,Null,,Null,,3.058707073,Co-precipitation,450,4,250,40,3,7.313220387,50.1303,49.8697,3.661861585,17.2977,,,,10.1016/j.matchemphys.2018.05.028,,2018
0.75,Null,,Null,,3.058707073,Co-precipitation,450,4,260,40,3,7.313220387,51.3201,48.6799,3.790193941,20.3931,,,,10.1016/j.matchemphys.2018.05.028,,2018
0.78,Null,,Null,,3.57950952,MOF-derived,450,3,220,40,3,7.313220387,41.1218,58.8782,3.349073591,8.31503,,,,10.1016/j.matchemphys.2018.05.028,,2018
0.78,Null,,Null,,4.812235273,MOF-derived,450,3,230,40,3,7.313220387,41.2238,58.7762,3.742764025,12.9277,,,,10.1016/j.matchemphys.2018.05.028,,2018
0.78,Null,,Null,,4.928432984,MOF-derived,450,3,240,40,3,7.313220387,40.8159,59.1841,4.009739236,16.9335,,,,10.1016/j.matchemphys.2018.05.028,,2018
0.78,Null,,Null,,5.012095605,MOF-derived,450,3,250,40,3,7.313220387,41.8357,58.1643,4.078018534,18.8757,,,,10.1016/j.matchemphys.2018.05.028,,2018
0.78,Null,,Null,,5.126793257,MOF-derived,450,3,260,40,3,7.313220387,43.6034,56.3966,4.07453878,19.9682,,,,10.1016/j.matchemphys.2018.05.028,,2018
0.3802,Al,0.4964,Null,,4.928432984,Physical mixing,,,250,30,3,7.863266724,31.36518771,68.63481229,3.720767839,6.314814815,,,,10.1016/j.cej.2019.122052,Promoting CO2 hydrogenation to methanol by incorporating adsorbents into catalysts: Effects of hydrotalcite,2019
0.3802,Al,0.4964,LDH,4.1482,4.928432984,Physical mixing,,,250,30,3,7.863266724,29.23549488,70.76450512,3.70669224,6.037037037,,,,10.1016/j.cej.2019.122052,,2019
0.3802,Al,0.4964,LDH,8.2964,4.928432984,Physical mixing,,,250,30,3,7.863266724,26.59385666,73.40614334,3.73945887,6.018518519,,,,10.1016/j.cej.2019.122052,,2019
0.3802,Al,0.4964,LDH,12.4446,4.928432984,Physical mixing,,,250,30,3,7.863266724,27.74061433,72.25938567,3.616404594,5.388888889,,,,10.1016/j.cej.2019.122052,,2019
0.3802,Al,0.4964,LDH,16.5928,4.928432984,Physical mixing,,,250,30,3,7.863266724,28.68259386,71.31740614,3.245735775,3.722222222,,,,10.1016/j.cej.2019.122052,,2019
0.3802,Al,0.4964,LDH,8.2964,4.928432984,Physical mixing,,,250,15,3,7.863266724,35.9907,64.0093,3.546058466,5.6588,,,,10.1016/j.cej.2019.122052,,2019
0.3802,Al,0.4964,LDH,8.2964,2.4765384,Physical mixing,,,250,20,3,7.863266724,33.0326,66.9674,3.624392766,5.86266,,,,10.1016/j.cej.2019.122052,,2019
0.3802,Al,0.4964,LDH,8.2964,3.493472658,Physical mixing,,,250,25,3,7.863266724,27.7302,72.2698,3.714571412,5.95923,,,,10.1016/j.cej.2019.122052,,2019
0.3802,Al,0.4964,LDH,8.2964,2.809402695,Physical mixing,,,250,30,3,7.170119543,46.2418,53.7582,2.868853971,6.64929,,,,10.1016/j.cej.2019.122052,,2019
0.3802,Al,0.4964,LDH,8.2964,3.701301974,Physical mixing,,,250,30,3,8.29404964,23.2559,76.7441,3.870742959,4.27962,,,,10.1016/j.cej.2019.122052,,2019
0.3802,Al,0.4964,LDH,8.2964,3.701301974,Physical mixing,,,250,30,3,8.5754621,21.4883,78.5117,4.124854325,4.09005,,,,10.1016/j.cej.2019.122052,,2019
2.3717,Si/S,20,Null,,3.701301974,Hydrothermal,500,2,200,30,3,9.61580548,0,100,2.157411936,0.142597957,,,,10.1039/d2ta08830d,Self-assembly of metal–organosilicate on porous silica substrates for efficient CO2 hydrogenation to methanol,2023
2.3717,Si/S,20,Null,,3.701301974,Hydrothermal,500,2,220,30,3,9.61580548,0,100,2.690522604,0.256148181,,,,10.1039/d2ta08830d,,2023
2.3717,Si/S,20,Null,,3.701301974,Hydrothermal,500,2,240,30,3,9.61580548,47.8243,52.1757,3.102182846,0.759176082,,,,10.1039/d2ta08830d,,2023
2.3717,Si/S,20,Null,,3.701301974,Hydrothermal,500,2,260,30,3,9.61580548,68.4307,31.5693,3.378563555,1.672956257,,,,10.1039/d2ta08830d,,2023
2.3717,Si/S,20,Null,,3.701301974,Hydrothermal,500,2,280,30,3,9.61580548,81.578,18.422,3.575222103,3.51195424,,,,10.1039/d2ta08830d,,2023
1.8225,Si/S,20,Null,,3.701301974,Hydrothermal,500,2,200,30,3,9.61580548,0,100,2.459322469,0.199425883,,,,10.1039/d2ta08830d,,2023
1.8225,Si/S,20,Null,,3.701301974,Hydrothermal,500,2,220,30,3,9.61580548,31.8353,68.1647,2.960706714,0.500831179,,,,10.1039/d2ta08830d,,2023
1.8225,Si/S,20,Null,,3.701301974,Hydrothermal,500,2,240,30,3,9.61580548,51.9499,48.0501,3.313103781,1.027041687,,,,10.1039/d2ta08830d,,2023
1.8225,Si/S,20,Null,,3.701301974,Hydrothermal,500,2,260,30,3,9.61580548,71.2225,28.7775,3.56292752,2.219924751,,,,10.1039/d2ta08830d,,2023
1.8225,Si/S,20,Null,,3.701301974,Hydrothermal,500,2,280,30,3,9.61580548,82.9766,17.0234,3.754192286,4.566790026,,,,10.1039/d2ta08830d,,2023
2.1465,Si/S,20,Null,,2.451005098,Hydrothermal,500,2,200,30,3,9.61580548,0,100,2.169134636,0.144499263,,,,10.1039/d2ta08830d,,2023
2.1465,Si/S,20,Null,,2.451005098,Hydrothermal,500,2,220,30,3,9.61580548,0,100,2.708427845,0.261112703,,,,10.1039/d2ta08830d,,2023
2.1465,Si/S,20,Null,,2.451005098,Hydrothermal,500,2,240,30,3,9.61580548,49.4453,50.5547,3.188504228,0.857482663,,,,10.1039/d2ta08830d,,2023
2.1465,Si/S,20,Null,,2.412335957,Hydrothermal,500,2,260,30,3,9.61580548,68.1651,31.8349,3.50335163,1.88727693,,,,10.1039/d2ta08830d,,2023
2.1465,Si/S,20,Null,,2.412335957,Hydrothermal,500,2,280,30,3,9.61580548,81.5925,18.4075,3.709695288,4.035186263,,,,10.1039/d2ta08830d,,2023
1.0206,Si/S,20,Null,,2.412335957,Hydrothermal,500,2,200,30,3,9.61580548,0,100,2.309079539,0.169004986,,,,10.1039/d2ta08830d,,2023
1.0206,Si/S,20,Null,,2.412335957,Hydrothermal,500,2,220,30,3,9.61580548,38.5366,61.4634,2.797937514,0.46744644,,,,10.1039/d2ta08830d,,2023
1.0206,Si/S,20,Null,,2.412335957,Hydrothermal,500,2,240,30,3,9.61580548,58.3687,41.6313,3.19223514,1.045338093,,,,10.1039/d2ta08830d,,2023
1.0206,Si/S,20,Null,,3.220474546,Hydrothermal,500,2,260,30,3,9.61580548,75.6958,24.3042,3.481283671,2.416423189,,,,10.1039/d2ta08830d,,2023
1.0206,Si/S,20,Null,,3.220474546,Hydrothermal,500,2,280,30,3,9.61580548,86.615,13.385,3.665448439,5.303107502,,,,10.1039/d2ta08830d,,2023
0.8298,Si/S,20,Null,,3.220474546,Hydrothermal,500,2,200,30,3,9.61580548,0,100,2.438274213,0.194883874,,,,10.1039/d2ta08830d,,2023
0.8298,Si/S,20,Null,,3.220474546,Hydrothermal,500,2,220,30,3,9.61580548,34.6428,65.3572,2.950681568,0.516850041,,,,10.1039/d2ta08830d,,2023
0.8298,Si/S,20,Null,,3.220474546,Hydrothermal,500,2,240,30,3,9.61580548,55.8716,44.1284,3.313516195,1.118793824,,,,10.1039/d2ta08830d,,2023
0.8298,Si/S,20,Null,,3.220474546,Hydrothermal,500,2,260,30,3,9.61580548,74.0308,25.9692,3.592059637,2.534827482,,,,10.1039/d2ta08830d,,2023
0.8298,Si/S,20,Null,,3.663561646,Hydrothermal,500,2,280,30,3,9.61580548,85.7869,14.2131,3.756842523,5.484626828,,,,10.1039/d2ta08830d,,2023
0.6618,Si/S,20,Null,,4.304065093,Hydrothermal,500,2,200,30,3,9.61580548,0,100,2.225159355,0.153900165,,,,10.1039/d2ta08830d,,2023
0.6618,Si/S,20,Null,,4.682131227,Hydrothermal,500,2,220,30,3,9.61580548,40.4242,59.5758,2.733042177,0.449988348,,,,10.1039/d2ta08830d,,2023
0.6618,Si/S,20,Null,,4.682131227,Hydrothermal,500,2,240,30,3,9.61580548,61.708,38.292,3.116595232,1.050157311,,,,10.1039/d2ta08830d,,2023
0.6618,Si/S,20,Null,,4.584967479,Hydrothermal,500,2,260,30,3,9.61580548,77.686,22.314,3.384150162,2.380585261,,,,10.1039/d2ta08830d,,2023
0.6618,Si/S,20,Null,,4.333361463,Hydrothermal,500,2,280,30,3,9.61580548,85.3994,14.6006,3.750470115,5.304339178,,,,10.1039/d2ta08830d,,2023
1.0398,Si/S,20,Null,,4.333361463,Hydrothermal,500,2,200,30,3,9.61580548,0,100,2.560143756,0.22255844,,,,10.1039/d2ta08830d,,2023
1.0398,Si/S,20,Null,,2.442347035,Hydrothermal,500,2,220,30,3,9.61580548,34.9862,65.0138,3.04344267,0.572870278,,,,10.1039/d2ta08830d,,2023
1.0398,Si/S,20,Null,,2.211565695,Hydrothermal,500,2,240,30,3,9.61580548,54.8209,45.1791,3.400914055,1.196347579,,,,10.1039/d2ta08830d,,2023
1.0398,Si/S,20,Null,,2.284421122,Hydrothermal,500,2,260,30,3,9.61580548,73.2782,26.7218,3.638405862,2.583603521,,,,10.1039/d2ta08830d,,2023
1.0398,Si/S,20,Null,,1.987874348,Hydrothermal,500,2,280,30,3,9.61580548,81.5427,18.4573,4.035067592,5.610669213,,,,10.1039/d2ta08830d,,2023
1.4069,Si/S,20,Null,,2.451005098,Hydrothermal,500,2,200,30,3,9.61580548,0,100,2.535763116,0.216748894,,,,10.1039/d2ta08830d,,2023
1.4069,Si/S,20,Null,,5.353278925,Hydrothermal,500,2,220,30,3,9.61580548,32.5069,67.4931,3.024905953,0.541184247,,,,10.1039/d2ta08830d,,2023
1.4069,Si/S,20,Null,,5.353278925,Hydrothermal,500,2,240,30,3,9.61580548,52.3416,47.6584,3.396180095,1.128569919,,,,10.1039/d2ta08830d,,2023
1.4069,Si/S,20,Null,,5.353278925,Hydrothermal,500,2,260,30,3,9.61580548,71.0744,28.9256,3.660797606,2.442268577,,,,10.1039/d2ta08830d,,2023
1.4069,Si/S,20,Null,,5.353278925,Hydrothermal,500,2,280,30,3,9.61580548,83.4711,16.5289,3.842524138,5.148195597,,,,10.1039/d2ta08830d,,2023
1.8225,Si/S,20,Null,,5.353278925,Hydrothermal,500,2,200,30,3,9.61580548,0,100,2.459322469,0.199425883,,,,10.1039/d2ta08830d,,2023
1.8225,Si/S,20,Null,,5.353278925,Hydrothermal,500,2,220,30,3,9.61580548,32.7824,67.2176,2.960706714,0.50788792,,,,10.1039/d2ta08830d,,2023
1.8225,Si/S,20,Null,,5.353278925,Hydrothermal,500,2,240,30,3,9.61580548,52.6171,47.3829,3.313103781,1.041503491,,,,10.1039/d2ta08830d,,2023
1.8225,Si/S,20,Null,,5.353278925,Hydrothermal,500,2,260,30,3,9.61580548,71.0744,28.9256,3.56292752,2.208558665,,,,10.1039/d2ta08830d,,2023
1.8225,Si/S,20,Null,,5.353278925,Hydrothermal,500,2,280,30,3,9.61580548,82.9201,17.0799,3.754192286,4.551683167,,,,10.1039/d2ta08830d,,2023
2.5048,Si/S,20,Null,,5.353278925,Hydrothermal,500,2,200,30,3,9.61580548,0,100,2.41272172,0.18949684,,,,10.1039/d2ta08830d,,2023
2.5048,Si/S,20,Null,,5.353278925,Hydrothermal,500,2,220,30,3,9.61580548,0,100,2.88706128,0.315828067,,,,10.1039/d2ta08830d,,2023
2.5048,Si/S,20,Null,,5.353278925,Hydrothermal,500,2,240,30,3,9.61580548,50.46728972,49.53271028,3.254057011,0.937017052,,,,10.1039/d2ta08830d,,2023
2.5048,Si/S,20,Null,,5.353278925,Hydrothermal,500,2,260,30,3,9.61580548,69.1588785,30.8411215,3.521934815,1.985763768,,,,10.1039/d2ta08830d,,2023
2.5048,Si/S,20,Null,,5.379897354,Hydrothermal,500,2,280,30,3,9.61580548,81.30841121,18.69158879,3.70440979,3.952382279,,,,10.1039/d2ta08830d,,2023
2.9602,Si/S,20,Null,,5.379897354,Hydrothermal,500,2,200,30,3,9.61580548,0,100,2.428830803,0.192277943,,,,10.1039/d2ta08830d,,2023
2.9602,Si/S,20,Null,,5.379897354,Hydrothermal,500,2,220,30,3,9.61580548,0,100,2.941751608,0.333590648,,,,10.1039/d2ta08830d,,2023
2.9602,Si/S,20,Null,,3.433987204,Hydrothermal,500,2,240,30,3,9.61580548,47.97507788,52.02492212,3.329469085,0.964816066,,,,10.1039/d2ta08830d,,2023
2.9602,Si/S,20,Null,,3.433987204,Hydrothermal,500,2,260,30,3,9.61580548,66.97819315,33.02180685,3.611530236,2.033757765,,,,10.1039/d2ta08830d,,2023
2.9602,Si/S,20,Null,,3.433987204,Hydrothermal,500,2,280,30,3,9.61580548,80.37383178,19.62616822,3.801107271,4.155983491,,,,10.1039/d2ta08830d,,2023
0.4,Zr,0.6,Null,,3.36729583,Solvothermal,450,3,240,30,3,7.783224016,14.48,85.52,3.467168235,4.23,,,,10.1016/j.jtice.2021.03.049,Solvothermal preparation of CuO-ZnO-ZrO2 catalysts for methanol synthesis via CO2 hydrogenation,2021
0.4,Zr,0.6,Null,,3.36729583,Solvothermal,450,3,240,30,3,7.783224016,51.23,48.77,4.084794683,13.96,,,,10.1016/j.jtice.2021.03.049,,2021
0.4,Zr,0.6,Null,,3.36729583,Solvothermal,450,3,240,30,3,7.783224016,42.03,57.97,4.015071283,10.94,,,,10.1016/j.jtice.2021.03.049,,2021
0.4,Zr,0.6,Null,,3.401197382,Solvothermal,450,3,200,30,3,7.783224016,17.6682,82.3318,3.746281503,5.8613,,,,10.1016/j.jtice.2021.03.049,,2021
0.4,Zr,0.6,Null,,3.401197382,Solvothermal,450,3,220,30,3,7.783224016,34.7085,65.2915,3.898471519,8.63535,,,,10.1016/j.jtice.2021.03.049,,2021
0.4,Zr,0.6,Null,,3.401197382,Solvothermal,450,3,240,30,3,7.783224016,53.92,46.08,4.135751163,15.58,,,,10.1016/j.jtice.2021.03.049,,2021
0.4,Zr,0.6,Null,,3.295836866,Solvothermal,450,3,260,30,3,7.783224016,65.0224,34.9776,4.052559013,18.8367,,,,10.1016/j.jtice.2021.03.049,,2021
0.4,Zr,0.6,Null,,3.295836866,Solvothermal,450,3,280,30,3,7.783224016,78.8341,21.1659,3.664497808,20.9396,,,,10.1016/j.jtice.2021.03.049,,2021
0.4,Zr,0.6,Null,,3.295836866,Solvothermal,450,3,240,10,3,7.783224016,70.414,29.586,3.145194582,8.75274,,,,10.1016/j.jtice.2021.03.049,,2021
0.4,Zr,0.6,Null,,3.269568939,Solvothermal,450,3,240,20,3,7.783224016,59.2772,40.7228,3.719802058,11.5186,,,,10.1016/j.jtice.2021.03.049,,2021
0.4,Zr,0.6,Null,,3.269568939,Solvothermal,450,3,240,40,3,7.783224016,49.5268,50.4732,4.2376541,15.7549,,,,10.1016/j.jtice.2021.03.049,,2021
0.4,Zr,0.6,Null,,3.269568939,Solvothermal,450,3,240,30,3,7.090076836,55.3704,44.6296,3.507392267,16.898,,,,10.1016/j.jtice.2021.03.049,,2021
0.4,Zr,0.6,Null,,3.269568939,Solvothermal,450,3,240,30,3,8.476371197,49.0741,50.9259,4.297734613,8.29796,,,,10.1016/j.jtice.2021.03.049,,2021
0.4,Zr,0.6,Null,,3.269568939,Solvothermal,450,3,240,30,3,9.169518377,42.5926,57.4074,4.808026073,6.16475,,,,10.1016/j.jtice.2021.03.049,,2021
0.4,Zr,0.6,Null,,3.618993327,Solvothermal,450,3,240,30,3,9.392661929,40.3704,59.6296,4.852671049,4.96657,,,,10.1016/j.jtice.2021.03.049,,2021
0.2174,Null,,Null,,3.618993327,MOF-derived,240,4,210,40,3,9.680344001,7.417582418,92.58241758,1.834684514,0.184426,,,,10.1016/j.apcata.2022.118805,The regulation of Cu-ZnO interface by Cu-Zn bimetallic metal organic framework-templated strategy for enhanced CO2 hydrogenation to methanol,2022
0.2174,Null,,Null,,3.618993327,MOF-derived,240,4,220,40,3,9.680344001,47.8021978,52.1978022,2.02537432,0.184426,,,,10.1016/j.apcata.2022.118805,,2022
0.2174,Null,,Null,,3.618993327,MOF-derived,240,4,230,40,3,9.680344001,55.76923077,44.23076923,2.02537432,0.245902,,,,10.1016/j.apcata.2022.118805,,2022
0.2174,Null,,Null,,3.618993327,MOF-derived,240,4,240,40,3,9.680344001,61.26373626,38.73626374,2.185459736,4.42623,,,,10.1016/j.apcata.2022.118805,,2022
0.2272,Null,,Null,,3.666122467,MOF-derived,240,4,210,40,3,9.680344001,18.13186813,81.86813187,5.329152819,4.407713499,,,,10.1016/j.apcata.2022.118805,,2022
0.2272,Null,,Null,,3.666122467,MOF-derived,240,4,220,40,3,9.680344001,28.2967033,71.7032967,5.47160703,5.785123967,,,,10.1016/j.apcata.2022.118805,,2022
0.2272,Null,,Null,,3.666122467,MOF-derived,240,4,230,40,3,9.680344001,37.91208791,62.08791209,5.571553492,7.438016529,,,,10.1016/j.apcata.2022.118805,,2022
0.2272,Null,,Null,,3.666122467,MOF-derived,240,4,240,40,3,9.680344001,47.52747253,52.47252747,5.702729289,10.08264463,,,,10.1016/j.apcata.2022.118805,,2022
0.09615,Null,,Null,,3.666122467,MOF-derived,240,4,210,40,3,9.680344001,20.32967033,79.67032967,5.662412084,6.336088154,,,,10.1016/j.apcata.2022.118805,,2022
0.09615,Null,,Null,,3.6558396,MOF-derived,240,4,220,40,3,9.680344001,28.2967033,71.7032967,5.83803729,8.374655647,,,,10.1016/j.apcata.2022.118805,,2022
0.09615,Null,,Null,,3.6558396,MOF-derived,240,4,230,40,3,9.680344001,37.08791209,62.91208791,5.987377258,11.07438017,,,,10.1016/j.apcata.2022.118805,,2022
0.09615,Null,,Null,,3.6558396,MOF-derived,240,4,240,40,3,9.680344001,46.15384615,53.84615385,6.102676332,14.49035813,,,,10.1016/j.apcata.2022.118805,,2022
0.09615,Null,,Null,,3.6558396,MOF-derived,240,4,210,40,3,8.29404964,34.7012,65.2988,4.79387963,11.8,,,,10.1016/j.apcata.2022.118805,,2022
0.09615,Null,,Null,,3.6558396,MOF-derived,240,4,210,40,3,9.210340372,23.4662,76.5338,5.299476694,7.0897,,,,10.1016/j.apcata.2022.118805,,2022
0.3333,Null,,Null,,3.511545439,Co-precipitation,350,2,190,30,3,8.411832676,25,75,4.072849718,4.78896,,,,10.1007/s10562-022-04047-7,Unraveling the Role of H2O on Cu-Based Catalyst in CO2 Hydrogenation to Methanol,2023
0.3333,Null,,Null,,3.511545439,Co-precipitation,350,2,210,30,3,8.411832676,41.9565,58.0435,4.382523922,8.47301,,,,10.1007/s10562-022-04047-7,,2023
0.3333,Null,,Null,,3.511545439,Co-precipitation,350,2,230,30,3,8.411832676,59.5652,40.4348,4.453686491,13.0713,,,,10.1007/s10562-022-04047-7,,2023
0.3333,Null,,Null,,3.511545439,Co-precipitation,350,2,250,30,3,8.411832676,64.4565,35.5435,4.60130826,17.2634,,,,10.1007/s10562-022-04047-7,,2023
0.3333,Null,,Null,,4.290459441,Co-precipitation,350,2,270,30,3,8.411832676,70,30,4.586989921,20.1345,,,,10.1007/s10562-022-04047-7,,2023
0.3333,Null,,Null,,4.290459441,Co-precipitation,350,2,290,30,3,8.411832676,83.3043,16.6957,4.100148109,22.0909,,,,10.1007/s10562-022-04047-7,,2023
0.4862,Al,1.898,Null,,4.290459441,Co-precipitation,500,4,230,50,3,9.210340372,41.9,58.1,5.525452939,13.4,,,,10.1039/c5cy00372e,Yttrium oxide modified Cu/ZnO/Al2O3 catalysts via hydrotalcite-like precursors for CO2 hydrogenation to methanol,2015
0.4574,Al,1.8064,Y,0.05814,4.290459441,Co-precipitation,500,4,230,50,3,9.210340372,36.8,63.2,5.802118375,17.4,,,,10.1039/c5cy00372e,,2015
0.4599,Al,1.7536,Y,0.11742,4.290459441,Co-precipitation,500,4,230,50,3,9.210340372,30.7,69.3,5.96870756,20.2,,,,10.1039/c5cy00372e,,2015
0.4686,Al,1.5136,Y,0.2274,4.290459441,Co-precipitation,500,4,230,50,3,9.210340372,29.5,70.5,5.860786223,17.8,,,,10.1039/c5cy00372e,,2015
0.472,Al,0.952,Y,0.58,4.290459441,Co-precipitation,500,4,230,50,3,9.210340372,33.4,66.6,5.673323267,15.1,,,,10.1039/c5cy00372e,,2015
0.4375,Zr,0.2334,Null,,4.290459441,Co-precipitation,350,4,250,50,3,8.006367568,44.6,55.2,5.069588357,26.7,,,,10.1002/cctc.201801988,Effect of Vapor-phase-treatment to CuZnZr Catalyst on the Reaction Behaviors in CO2 Hydrogenation into Methanol,2019
0.4375,Zr,0.2334,Null,,4.290459441,Co-precipitation,350,4,250,50,3,10.91508846,39.3,60.5,7.204567445,11.3,,,,10.1002/cctc.201801988,,2019
0.4375,Zr,0.2334,TPABr,,4.290459441,Co-precipitation,550,4,250,50,3,8.006367568,34.6,64.1,4.684651148,15.6,,,,10.1002/cctc.201801988,,2019
0.4375,Zr,0.2334,TPABr,,4.290459441,Co-precipitation,550,4,250,50,3,8.006367568,6.8,92.7,4.739420984,11.4,,,,10.1002/cctc.201801988,,2019
0.4375,Zr,0.2334,TPABr,,4.290459441,Co-precipitation,550,4,250,50,3,8.006367568,12.202,86.7,4.750023969,12.32,,,,10.1002/cctc.201801988,,2019
0.4375,Zr,0.2334,TPABr,,4.290459441,Co-precipitation,550,4,250,50,3,8.006367568,0.89285,97.4,4.401850418,7.714,,,,10.1002/cctc.201801988,,2019
0.4375,Zr,0.2334,TPABr,,4.290459441,Co-precipitation,550,4,250,50,3,8.006367568,13.09,85.8,4.576241986,10.446,,,,10.1002/cctc.201801988,,2019
0.4673,Zr,0.2334,SiO2,3.136,4.290459441,Hydrothermal,550,6,200,30,3,7.783224016,8.24427,16.7939,2.220632605,5.69853,,,,10.1016/j.jece.2021.105299,A novel in situ grown Cu-ZnO-ZrO2/HZSM-5 hybrid catalyst for CO2 hydrogenation to liquid fuels of methanol and DME,2021
0.4673,Zr,0.2334,SiO2,3.136,4.290459441,Hydrothermal,550,6,225,30,3,7.783224016,15.5725,11.2977,1.918448223,5.99265,,,,10.1016/j.jece.2021.105299,,2021
0.4673,Zr,0.2334,SiO2,3.136,4.290459441,Hydrothermal,550,6,270,30,3,7.783224016,41.2214,7.0229,1.864239745,9.04412,,,,10.1016/j.jece.2021.105299,,2021
0.4673,Zr,0.2334,SiO2,3.136,4.290459441,Hydrothermal,550,6,290,30,3,7.783224016,50.687,7.93893,1.896277271,8.30882,,,,10.1016/j.jece.2021.105299,,2021
0.4673,Zr,0.2334,SiO2,3.136,4.290459441,Hydrothermal,550,6,310,30,3,7.783224016,69.6183,7.0229,2.016851687,10.8088,,,,10.1016/j.jece.2021.105299,,2021
0.4673,Zr,0.2486,SiO2,3.136,4.290459441,Hydrothermal,550,6,330,30,3,7.783224016,89.4656,5.19084,1.782748792,11.1029,,,,10.1016/j.jece.2021.105299,,2021
0.4673,Zr,0.2486,SiO2,3.136,4.290459441,Hydrothermal,550,6,200,50,5,7.783224016,8.81708,12.5123,2.952989223,25.3717,,,,10.1016/j.jece.2021.105299,,2021
0.4673,Zr,0.2486,SiO2,3.136,4.290459441,Hydrothermal,550,6,225,50,5,7.783224016,15.4914,12.1592,2.968633064,26.5428,,,,10.1016/j.jece.2021.105299,,2021
0.4673,Zr,0.2486,SiO2,3.136,4.290459441,Hydrothermal,550,6,250,50,5,7.783224016,23.9979,7.83589,2.711691233,31.3494,,,,10.1016/j.jece.2021.105299,,2021
0.4673,Zr,3.6388,SiO2,3.136,4.290459441,Hydrothermal,550,6,270,50,5,7.783224016,20.2868,5.96291,2.451786108,31.0967,,,,10.1016/j.jece.2021.105299,,2021
0.4673,Zr,3.6388,SiO2,3.136,4.290459441,Hydrothermal,550,6,290,50,5,7.783224016,25.442,5.91745,2.549886216,34.8699,,,,10.1016/j.jece.2021.105299,,2021
0.4673,Zr,3.6388,SiO2,3.136,4.290459441,Hydrothermal,550,6,310,50,5,7.783224016,43.4035,6.18567,2.63801431,36.6914,,,,10.1016/j.jece.2021.105299,,2021
0.4673,Zr,3.6388,SiO2,3.136,4.290459441,Hydrothermal,550,6,330,50,5,7.783224016,61.9885,7.35476,2.85768276,39.0238,,,,10.1016/j.jece.2021.105299,,2021
0.5,Zr,3.6388,Null,,4.290459441,Co-precipitation,350,4,220,30,3,9.082507,40.7,59.3,5.04909704,8.3,,,,10.1016/j.jcou.2018.01.028,Acidity control of zeolite functionality on activity and stability of hybrid catalysts during DME production via CO2 hydrogenation,2018
0.5,Zr,3.6388,Null,,4.290459441,Co-precipitation,350,4,240,30,3,9.082507,56.6,43.4,5.272641084,14.2,,,,10.1016/j.jcou.2018.01.028,,2018
0.5,Zr,5.2942,Null,,4.290459441,Co-precipitation,350,4,260,30,3,9.082507,65.7,34.3,5.301708049,18.5,,,,10.1016/j.jcou.2018.01.028,,2018
0.5,Al2O3/S,20,Zr,0.05,4.290459441,Co-precipitation,450,4,230,50,3,8.9226583,50,57.70379049,4.9530768,9.74702,,,,10.1016/j.cattod.2012.06.012,Effect of hydrotalcite-containing precursors on the performance of Cu/Zn/Al/Zr catalysts for CO2 hydrogenation: Introduction of Cu2+ at different formation stages of precursors,2012
0.5,Al2O3/S,20,Zr,0.05,4.290459441,Co-precipitation,450,4,250,50,3,8.9226583,50,50,5.398162702,17.1131,,,,10.1016/j.cattod.2012.06.012,,2012
0.5,Al2O3/S,20,Zr,0.05,4.290459441,Co-precipitation,450,4,270,50,3,8.9226583,59.4408589,40.5591411,5.392672545,21.57738,,,,10.1016/j.cattod.2012.06.012,,2012
0.5,Al2O3/S,20,Zr,0.05,4.290459441,Two-step precipitation,450,4,230,50,3,8.9226583,44.39931982,55.60068018,5.253842876,13.69048,,,,10.1016/j.cattod.2012.06.012,,2012
0.5,Al2O3/S,20,Zr,0.05,4.290459441,Two-step precipitation,450,4,250,50,3,8.9226583,49,51,5.526647445,19.79167,,,,10.1016/j.cattod.2012.06.012,,2012
0.5,Al,7.9332,Zr,0.05,4.290459441,Two-step precipitation,450,4,270,50,3,8.9226583,59.97701927,40.02298073,5.489805118,24.10715,,,,10.1016/j.cattod.2012.06.012,,2012
0.5,Al,7.9332,Zr,0.05,4.290459441,Post-precipitation,450,4,230,50,3,8.9226583,45.87022222,54.12977778,5.253842876,14.0625,,,,10.1016/j.cattod.2012.06.012,,2012
0.5,Al,7.9332,Zr,0.05,4.290459441,Post-precipitation,450,4,250,50,3,8.9226583,48.2,51.8,5.564520407,20.46131,,,,10.1016/j.cattod.2012.06.012,,2012
0.5,Al,7.9332,Zr,0.05,4.290459441,Post-precipitation,450,4,270,50,3,8.9226583,57.41522282,42.58477718,5.566854845,24.47917,,,,10.1016/j.cattod.2012.06.012,,2012
0.5,Al,7.9332,Zr,0.05,4.290459441,Reconstruction,450,4,230,50,3,8.9226583,46.1632,53.8368,5.353278925,15.625,,,,10.1016/j.cattod.2012.06.012,,2012
0.5,Al,7.9332,Zr,0.05,4.290459441,Reconstruction,450,4,250,50,3,8.9226583,46.4,53.6,5.709134792,22.32143,,,,10.1016/j.cattod.2012.06.012,,2012
0.5,Al,9.7452,Zr,0.05,4.06731589,Reconstruction,450,4,270,50,3,8.9226583,56.77480027,43.22519973,5.640523135,25.96726,,,,10.1016/j.cattod.2012.06.012,,2012
1.02,Null,,Null,,4.119245006,Co-precipitation,400,4,200,30,3,7.783224016,39.05028,60.94972,3.602299137,6.82162,,,,10.1016/j.apsusc.2015.02.122,"Effect of TiO2, ZrO2, and TiO2–ZrO2 on the performance of CuO–ZnO catalyst for CO2 hydrogenation to methanol",2015
1.02,Null,,Null,,4.437934267,Co-precipitation,400,4,220,30,3,7.783224016,53.96648,46.03352,3.840987573,11.53514,,,,10.1016/j.apsusc.2015.02.122,,2015
1.02,Null,,Null,,3.974058396,Co-precipitation,400,4,240,30,3,7.783224016,63.35195,36.64805,3.945400407,16.11892,,,,10.1016/j.apsusc.2015.02.122,,2015
1.02,Null,,Null,,4.020837365,Co-precipitation,400,4,260,30,3,7.783224016,72.23463,27.76537,3.801480557,18.36757,,,,10.1016/j.apsusc.2015.02.122,,2015
1.02,Null,,Null,,4.387014176,Co-precipitation,400,4,280,30,3,7.783224016,84.13408,15.86592,3.347236769,20.14054,,,,10.1016/j.apsusc.2015.02.122,,2015
1.099,TiO2/S,20,Null,,4.387014176,Co-precipitation,400,4,200,30,3,7.783224016,38.54749,61.45251,3.774843126,8.07568,,,,10.1016/j.apsusc.2015.02.122,,2015
1.099,TiO2/S,20,Null,,4.387014176,Co-precipitation,400,4,220,30,3,7.783224016,53.29609,46.70391,3.932772297,12.48649,,,,10.1016/j.apsusc.2015.02.122,,2015
1.099,TiO2/S,20,Null,,4.387014176,Co-precipitation,400,4,240,30,3,7.783224016,61.17318,38.82682,4.022916548,16.46487,,,,10.1016/j.apsusc.2015.02.122,,2015
1.099,TiO2/S,20,Null,,4.387014176,Co-precipitation,400,4,260,30,3,7.783224016,70.72626,29.27374,3.853230222,18.36757,,,,10.1016/j.apsusc.2015.02.122,,2015
1.099,TiO2/S,20,Null,,4.49535532,Co-precipitation,400,4,280,30,3,7.783224016,83.79888,16.20112,3.369486311,20.18378,,,,10.1016/j.apsusc.2015.02.122,,2015
0.9174,ZrO2/S,20,Null,,4.49535532,Co-precipitation,400,4,200,30,3,7.783224016,34.52514,65.47486,3.877893411,8.42162,,,,10.1016/j.apsusc.2015.02.122,,2015
0.9174,ZrO2/S,20,Null,,4.49535532,Co-precipitation,400,4,220,30,3,7.783224016,49.27374,50.72626,4.085981254,13.43784,,,,10.1016/j.apsusc.2015.02.122,,2015
0.9174,ZrO2/S,20,Null,,4.49535532,Co-precipitation,400,4,240,30,3,7.783224016,58.65922,41.34078,4.115080973,16.98378,,,,10.1016/j.apsusc.2015.02.122,,2015
0.9174,ZrO2/S,20,Null,,4.49535532,Co-precipitation,400,4,260,30,3,7.783224016,69.88827,30.11173,3.887757131,18.4973,,,,10.1016/j.apsusc.2015.02.122,,2015
0.9174,ZrO2/S,20,Null,,4.770684624,Co-precipitation,400,4,280,30,3,7.783224016,84.13408,15.86592,3.357541362,20.35676,,,,10.1016/j.apsusc.2015.02.122,,2015
1.01,TiO2/S,20,Zr,0.1742,4.770684624,Co-precipitation,400,4,200,30,3,7.783224016,36.36872,63.63128,3.963807232,9.45946,,,,10.1016/j.apsusc.2015.02.122,,2015
1.01,TiO2/S,20,Zr,0.1742,4.770684624,Co-precipitation,400,4,220,30,3,7.783224016,48.43575,51.56425,4.175301951,14.47568,,,,10.1016/j.apsusc.2015.02.122,,2015
1.01,Ti,3.6388,Zr,0.1742,4.770684624,Co-precipitation,400,4,240,30,3,7.783224016,56.14525,43.85475,4.197938996,17.41622,,,,10.1016/j.apsusc.2015.02.122,,2015
1.01,Ti,3.6388,Zr,0.1742,4.770684624,Co-precipitation,400,4,260,30,3,7.783224016,69.72067,30.27933,3.911349435,18.84324,,,,10.1016/j.apsusc.2015.02.122,,2015
1.01,Ti,3.6388,Zr,0.1742,4.876722877,Co-precipitation,400,4,280,30,3,7.783224016,83.63128,16.36872,3.397879867,20.57297,,,,10.1016/j.apsusc.2015.02.122,,2015
1.2042,Al,7.2776,Au,0.0079467,4.876722877,Co-precipitation,500,5,180,25,2.8,8.881836305,72.4762,27.5238,3.938367753,6.74786,,,,10.1166/jnn.2017.13359,Effect of Gold Nanoparticles Addition to CuO–ZnO/Al2O3 Catalyst in Conversion of Carbon Dioxide to Methanol,2017
1.2042,Al,7.2776,Au,0.0079467,4.876722877,Co-precipitation,500,5,220,25,2.8,8.881836305,43.9731,56.0269,4.759467756,7.61873,,,,10.1166/jnn.2017.13359,,2017
1.2042,Al,7.2776,Au,0.0079467,4.876722877,Co-precipitation,500,5,250,25,2.8,8.881836305,65.6057,34.3943,4.863470424,13.7826,,,,10.1166/jnn.2017.13359,,2017
1.2042,Al2O3/S,20,Au,0.0079467,4.876722877,Co-precipitation,500,5,280,25,2.8,8.881836305,82.9122,17.0878,4.623718677,21.7817,,,,10.1166/jnn.2017.13359,,2017
0.3281,Zr,10.2316,Null,,4.549657476,Reverse co-precipitation,300,1,180,1,3,9.169518377,66,34,2.215959096,0.7,,,,10.1016/j.jcat.2012.12.019,Effects of oxide carriers on surface functionality and process performance of the Cu–ZnO system in the synthesis of methanol via CO2 hydrogenation,2013
0.3281,Zr,10.2316,Null,,4.549657476,Reverse co-precipitation,300,1,200,1,3,9.169518377,74,26,2.837074787,1.8,,,,10.1016/j.jcat.2012.12.019,,2013
0.3281,Zr,10.2316,Null,,4.549657476,Reverse co-precipitation,300,1,220,1,3,9.169518377,90,10,2.954605173,5.3,,,,10.1016/j.jcat.2012.12.019,,2013
0.3281,Zr,10.2316,Null,,4.549657476,Reverse co-precipitation,300,1,240,1,3,9.169518377,97,3,2.378030436,9.5,,,,10.1016/j.jcat.2012.12.019,,2013
0.3281,Zr,10.2316,Null,,4.549657476,Reverse co-precipitation,300,1,180,30,3,9.169518377,13,87,4.885901443,4.4,,,,10.1016/j.jcat.2012.12.019,,2013
0.3281,Zr,3.2442,Null,,4.621043535,Reverse co-precipitation,300,1,200,30,3,9.169518377,26,74,5.367779994,8.4,,,,10.1016/j.jcat.2012.12.019,,2013
0.3281,Zr,3.2442,Null,,4.621043535,Reverse co-precipitation,300,1,220,30,3,9.169518377,43,57,5.609417843,13.9,,,,10.1016/j.jcat.2012.12.019,,2013
0.3281,Zr,3.2442,Null,,4.621043535,Reverse co-precipitation,300,1,240,30,3,9.169518377,50,50,5.805950041,19.3,,,,10.1016/j.jcat.2012.12.019,,2013
0.3281,Zr,3.2442,Null,,4.621043535,Reverse co-precipitation,300,1,180,50,3,9.169518377,10,90,5.176746004,5.7,,,,10.1016/j.jcat.2012.12.019,,2013
0.3281,Zr,3.2442,Null,,4.621043535,Reverse co-precipitation,300,1,200,50,3,9.169518377,22,78,5.593829419,10,,,,10.1016/j.jcat.2012.12.019,,2013
0.3281,Zr,3.2442,Null,,4.957937505,Reverse co-precipitation,300,1,220,50,3,9.169518377,35,65,5.964237592,17.4,,,,10.1016/j.jcat.2012.12.019,,2013
0.3281,Zr,4.1358,Null,,4.957937505,Reverse co-precipitation,300,1,240,50,3,9.169518377,36,64,6.200781754,22.4,,,,10.1016/j.jcat.2012.12.019,,2013
0.3281,Zr,4.1358,Null,,4.957937505,Reverse co-precipitation,300,1,200,1,3,9.862665558,56,44,3.2255461,0.8,,,,10.1016/j.jcat.2012.12.019,,2013
0.3281,Zr,4.1358,Null,,4.957937505,Reverse co-precipitation,300,1,220,1,3,9.862665558,84,16,3.422955146,2.7,,,,10.1016/j.jcat.2012.12.019,,2013
0.3281,Zr,4.1358,Null,,4.957937505,Reverse co-precipitation,300,1,180,30,3,9.862665558,6,94,5.452478495,3.6,,,,10.1016/j.jcat.2012.12.019,,2013
0.3281,Zr,4.1358,Null,,4.957937505,Reverse co-precipitation,300,1,200,30,3,9.862665558,16,84,5.667671588,5,,,,10.1016/j.jcat.2012.12.019,,2013
0.3281,Zr,4.1358,Null,,4.866764924,Reverse co-precipitation,300,1,220,30,3,9.862665558,36,64,5.852577451,7.9,,,,10.1016/j.jcat.2012.12.019,,2013
0.3281,Zr,3.9666,Null,,4.866764924,Reverse co-precipitation,300,1,240,30,3,9.862665558,52,48,6.085198941,13.3,,,,10.1016/j.jcat.2012.12.019,,2013
0.3281,Zr,3.9666,Null,,4.866764924,Reverse co-precipitation,300,1,180,50,3,9.862665558,6,94,5.629461762,4.3,,,,10.1016/j.jcat.2012.12.019,,2013
0.3281,Zr,3.9666,Null,,4.866764924,Reverse co-precipitation,300,1,200,50,3,9.862665558,16,84,5.882113859,6.2,,,,10.1016/j.jcat.2012.12.019,,2013
0.3281,Zr,3.9666,Null,,4.866764924,Reverse co-precipitation,300,1,220,50,3,9.862665558,29,71,6.286393334,11,,,,10.1016/j.jcat.2012.12.019,,2013
0.3281,Zr,3.9666,Null,,4.866764924,Reverse co-precipitation,300,1,240,50,3,9.862665558,40,60,6.547048545,16.9,,,,10.1016/j.jcat.2012.12.019,,2013
0.3281,Zr,3.9666,Null,,4.826712456,Reverse co-precipitation,300,1,200,1,3,10.5865844,45,55,3.470511313,0.4,,,,10.1016/j.jcat.2012.12.019,,2013
0.3281,Zr,3.4834,Null,,4.826712456,Reverse co-precipitation,300,1,220,1,3,10.5865844,72,28,3.961657575,1.3,,,,10.1016/j.jcat.2012.12.019,,2013
0.3281,Zr,3.4834,Null,,4.826712456,Reverse co-precipitation,300,1,180,30,3,10.5865844,5,95,5.821010462,2.5,,,,10.1016/j.jcat.2012.12.019,,2013
0.3281,Zr,3.4834,Null,,4.826712456,Reverse co-precipitation,300,1,200,30,3,10.5865844,12,88,6.021561935,3.3,,,,10.1016/j.jcat.2012.12.019,,2013
0.3281,Zr,3.4834,Null,,4.826712456,Reverse co-precipitation,300,1,220,30,3,10.5865844,30,70,6.207822629,5,,,,10.1016/j.jcat.2012.12.019,,2013
0.3281,Zr,3.4834,Null,,4.826712456,Reverse co-precipitation,300,1,240,30,3,10.5865844,49,51,6.532447758,9.5,,,,10.1016/j.jcat.2012.12.019,,2013
0.3281,Zr,3.4834,Null,,4.826712456,Reverse co-precipitation,300,1,180,50,3,10.5865844,4,96,6.045994263,3.1,,,,10.1016/j.jcat.2012.12.019,,2013
0.3281,Zr,0.3334,Null,,4.700480366,Reverse co-precipitation,300,1,200,50,3,10.5865844,10,90,6.39691409,4.7,,,,10.1016/j.jcat.2012.12.019,,2013
0.3281,Zr,0.4,Null,,4.700480366,Reverse co-precipitation,300,1,220,50,3,10.5865844,26,74,6.599211439,7,,,,10.1016/j.jcat.2012.12.019,,2013
0.3281,Zr,0.388,Null,,4.700480366,Reverse co-precipitation,300,1,240,30,3,10.5865844,40,60,6.841183072,11,,,,10.1016/j.jcat.2012.12.019,,2013
0.3281,Zr,0.4,Null,,4.700480366,Reverse co-precipitation,300,1,220,1,3,11.00209984,62,38,4.309151076,0.9,,,,10.1016/j.jcat.2012.12.019,,2013
0.3281,Zr,0.3334,Null,,4.700480366,Reverse co-precipitation,300,1,180,30,3,11.00209984,3,97,6.033647044,2,,,,10.1016/j.jcat.2012.12.019,,2013
0.3281,Zr,0.3334,Null,,4.866764924,Reverse co-precipitation,300,1,200,30,3,11.00209984,10,90,6.098357147,2.3,,,,10.1016/j.jcat.2012.12.019,,2013
0.3281,Zr,0.3334,Null,,4.866764924,Reverse co-precipitation,300,1,220,30,3,11.00209984,23,77,6.56721641,4.3,,,,10.1016/j.jcat.2012.12.019,,2013
0.3281,Zr,0.3334,Null,,4.866764924,Reverse co-precipitation,300,1,240,30,3,11.00209984,45,55,6.78675474,7.5,,,,10.1016/j.jcat.2012.12.019,,2013
0.3281,Zr,0.3334,Null,,4.866764924,Reverse co-precipitation,300,1,180,50,3,11.00209984,3,97,6.333130067,2.7,,,,10.1016/j.jcat.2012.12.019,,2013
0.3281,Zr,0.3334,Null,,4.866764924,Reverse co-precipitation,300,1,200,50,3,11.00209984,9,91,6.528474049,3.5,,,,10.1016/j.jcat.2012.12.019,,2013
0.3281,Zr,0.3334,Null,,4.866764924,Reverse co-precipitation,300,1,220,50,3,11.00209984,22,78,6.843931169,5.6,,,,10.1016/j.jcat.2012.12.019,,2013
0.3281,Zr,0.3334,Null,,4.866764924,Reverse co-precipitation,300,1,240,30,3,11.00209984,38,62,7.16342424,9.7,,,,10.1016/j.jcat.2012.12.019,,2013
0.75,C,0.3334,Null,,4.866764924,Plasma,,,230,40,3,8.699514748,19.99,80.01,3.937885665,2.87,,,,10.1021/acs.iecr.9b06996,Enhanced Activity of Cu/ZnO/C Catalysts Prepared by Cold Plasma for CO2 Hydrogenation to Methanol,2020
0.75,C,0.3334,Null,,4.866764924,Plasma,,,240,40,3,8.699514748,21.05,78.95,4.019800598,3.12,,,,10.1021/acs.iecr.9b06996,,2020
0.75,C,0.3334,Null,,4.866764924,Plasma,,,250,40,3,8.699514748,27.07,72.93,4.527857083,6.41,,,,10.1021/acs.iecr.9b06996,,2020
0.75,C,0.3334,Null,,4.866764924,Plasma,,,260,40,3,8.699514748,33.63,66.37,4.544676806,6.59,,,,10.1021/acs.iecr.9b06996,,2020
0.75,C,0.3334,Null,,4.866764924,Plasma,,,270,40,3,8.699514748,37.59,62.41,4.490095978,6.64,,,,10.1021/acs.iecr.9b06996,,2020
0.75,C,0.3334,Null,,4.866764924,Plasma,,,280,40,3,8.699514748,45.55,54.45,4.382776354,6.7,,,,10.1021/acs.iecr.9b06996,,2020
0.75,C,0.3334,Null,,4.866764924,Plasma,,,290,40,3,8.699514748,52.14,47.86,4.370965687,7.49,,,,10.1021/acs.iecr.9b06996,,2020
0.75,C,0.3334,Null,,4.866764924,Impregnation,400,3,230,40,3,8.699514748,20,80,4.052827882,2.99,,,,10.1021/acs.iecr.9b06996,,2020
0.75,C,0.2448,Null,,4.866764924,Impregnation,400,3,240,40,3,8.699514748,22.84,77.16,4.07973841,3.08,,,,10.1021/acs.iecr.9b06996,,2020
0.75,C,0.2448,Null,,4.866764924,Impregnation,400,3,250,40,3,8.699514748,29.53,70.47,4.095344063,3.2,,,,10.1021/acs.iecr.9b06996,,2020
0.75,C,0.2448,Null,,4.866764924,Impregnation,400,3,260,40,3,8.699514748,35.41,64.59,4.146146061,4.39,,,,10.1021/acs.iecr.9b06996,,2020
0.75,C,0.2448,Null,,4.866764924,Impregnation,400,3,270,40,3,8.699514748,39.71,60.29,4.189654742,5.05,,,,10.1021/acs.iecr.9b06996,,2020
0.75,C,0.2448,Null,,4.866764924,Impregnation,400,3,280,40,3,8.699514748,49.89,50.11,4.180216401,5.73,,,,10.1021/acs.iecr.9b06996,,2020
0.75,C,0.3334,Null,,4.866764924,Impregnation,400,3,290,40,3,8.699514748,55.5,44.5,4.047427642,5.8,,,,10.1021/acs.iecr.9b06996,,2020
1.3256,Null,,Null,,4.866764924,Co-precipitation,330,3,240,45,2.8,9.798127037,55.68,44.32,6.399541779,20,,,,10.1016/j.jcat.2016.03.020,Enhanced CO2 hydrogenation to methanol over CuZn nanoalloy in Ga modified Cu/ZnO catalysts,2016
1.314,Ga,0.33332,Null,,4.866764924,Co-precipitation,330,3,240,45,2.8,9.798127037,54.11,45.89,6.491060167,21.17,,,,10.1016/j.jcat.2016.03.020,,2016
1.2093,Ga,0.5716,Null,,4.866764924,Co-precipitation,330,3,240,45,2.8,9.798127037,51.47,48.53,6.763996293,26.31,,,,10.1016/j.jcat.2016.03.020,,2016
0.8605,Ga,0.5716,Null,,4.826712456,Co-precipitation,330,3,240,45,2.8,9.798127037,53.85,46.15,6.374972119,18.74,,,,10.1016/j.jcat.2016.03.020,,2016
